lat_bin,lon_bin,safety_score,total_businesses,lat,lon,bank_atm,restaurant_takeout,coffee_shop,convenience_store,24_7_pharmacy,gas_station,grocery_store,gym_late
26,21,9,3,43.71250000000006,-79.5325000000001,0,2,1,0,0,0,0,0
18,17,19,6,43.67250000000004,-79.55250000000008,0,3,1,1,0,1,0,0
17,58,9,3,43.66750000000004,-79.34750000000027,0,2,1,0,0,0,0,0
36,71,21,6,43.76250000000009,-79.28250000000033,0,3,0,1,0,2,0,0
28,67,9,3,43.72250000000007,-79.30250000000031,0,2,1,0,0,0,0,0
29,32,8,3,43.72750000000007,-79.47750000000015,0,1,1,1,0,0,0,0
47,80,8,3,43.817500000000116,-79.23750000000037,0,1,1,1,0,0,0,0
40,41,2,1,43.7825000000001,-79.43250000000019,0,0,0,1,0,0,0,0
19,18,24,6,43.677500000000045,-79.54750000000008,1,2,0,1,0,2,0,0
11,14,20,6,43.637500000000024,-79.56750000000007,0,3,0,1,0,1,1,0
29,68,30,8,43.72750000000007,-79.29750000000031,1,3,1,1,0,2,0,0
21,64,5,2,43.68750000000005,-79.3175000000003,0,1,0,1,0,0,0,0
40,77,11,4,43.7825000000001,-79.25250000000035,0,2,1,1,0,0,0,0
41,42,0,0,43.7875000000001,-79.4275000000002,0,0,0,0,0,0,0,0
33,38,31,9,43.74750000000008,-79.44750000000018,1,4,1,1,0,0,1,1
34,3,5,2,43.75250000000008,-79.62250000000002,0,0,1,1,0,0,0,0
25,34,6,2,43.70750000000006,-79.46750000000016,0,1,1,0,0,0,0,0
39,81,28,7,43.777500000000096,-79.23250000000037,1,1,1,1,0,2,1,0
44,47,9,3,43.80250000000011,-79.40250000000022,0,2,1,0,0,0,0,0
22,28,3,1,43.69250000000005,-79.49750000000013,0,0,1,0,0,0,0,0
14,24,22,6,43.65250000000003,-79.51750000000011,0,2,0,1,0,2,1,0
32,78,31,8,43.74250000000008,-79.24750000000036,1,2,1,1,0,2,1,0
51,91,8,3,43.83750000000013,-79.18250000000042,0,1,1,1,0,0,0,0
24,74,28,8,43.70250000000006,-79.26750000000034,0,3,1,1,0,2,1,0
43,87,8,3,43.797500000000106,-79.2025000000004,0,1,1,1,0,0,0,0
35,83,24,6,43.757500000000086,-79.22250000000038,1,2,0,1,0,2,0,0
36,48,42,12,43.76250000000009,-79.39750000000022,2,3,3,2,0,0,1,1
15,25,13,4,43.657500000000034,-79.51250000000012,0,1,1,1,0,1,0,0
7,21,5,2,43.617500000000014,-79.5325000000001,0,1,0,1,0,0,0,0
18,30,0,0,43.67250000000004,-79.48750000000014,0,0,0,0,0,0,0,0
30,4,6,2,43.73250000000007,-79.61750000000002,0,2,0,0,0,0,0,0
36,84,21,6,43.76250000000009,-79.21750000000038,0,3,0,1,0,2,0,0
28,80,22,6,43.72250000000007,-79.23750000000037,1,3,0,1,0,1,0,0
29,45,6,2,43.72750000000007,-79.41250000000021,0,2,0,0,0,0,0,0
21,41,8,3,43.68750000000005,-79.43250000000019,0,2,0,1,0,0,0,0
40,54,9,3,43.7825000000001,-79.36750000000025,0,2,1,0,0,0,0,0
33,15,8,3,43.74750000000008,-79.56250000000007,0,2,0,1,0,0,0,0
10,31,5,2,43.63250000000002,-79.48250000000014,0,1,0,1,0,0,0,0
42,100,8,3,43.7925000000001,-79.13750000000046,0,2,0,1,0,0,0,0
34,16,2,1,43.75250000000008,-79.55750000000008,0,0,0,1,0,0,0,0
25,47,32,9,43.70750000000006,-79.40250000000022,2,3,3,1,0,0,0,0
39,94,9,3,43.777500000000096,-79.16750000000043,0,2,1,0,0,0,0,0
37,21,2,1,43.76750000000009,-79.5325000000001,0,0,0,1,0,0,0,0
32,55,8,3,43.74250000000008,-79.36250000000025,0,2,0,1,0,0,0,0
43,64,6,2,43.797500000000106,-79.3175000000003,0,2,0,0,0,0,0,0
3,28,8,3,43.597500000000004,-79.49750000000013,0,2,0,1,0,0,0,0
35,60,6,2,43.757500000000086,-79.33750000000028,0,1,1,0,0,0,0,0
14,37,8,3,43.65250000000003,-79.45250000000017,0,2,0,1,0,0,0,0
26,11,8,3,43.71250000000006,-79.58250000000005,0,2,0,1,0,0,0,0
17,48,55,16,43.66750000000004,-79.39750000000022,2,7,4,1,0,0,1,1
36,61,6,2,43.76250000000009,-79.33250000000028,0,2,0,0,0,0,0,0
29,22,3,1,43.72750000000007,-79.5275000000001,0,0,1,0,0,0,0,0
47,70,8,3,43.817500000000116,-79.28750000000032,0,2,0,1,0,0,0,0
21,18,26,7,43.68750000000005,-79.54750000000008,1,2,1,1,0,1,1,0
40,31,2,1,43.7825000000001,-79.48250000000014,0,0,0,1,0,0,0,0
50,81,6,2,43.832500000000124,-79.23250000000037,0,1,1,0,0,0,0,0
33,28,5,2,43.74750000000008,-79.49750000000013,0,1,0,1,0,0,0,0
25,24,2,1,43.70750000000006,-79.51750000000011,0,0,0,1,0,0,0,0
39,71,14,4,43.777500000000096,-79.28250000000033,0,1,0,1,0,1,1,0
31,67,3,1,43.737500000000075,-79.30250000000031,0,0,1,0,0,0,0,0
10,44,0,0,43.63250000000002,-79.4175000000002,0,0,0,0,0,0,0,0
22,18,27,7,43.69250000000005,-79.54750000000008,1,3,0,1,0,2,0,0
14,14,28,8,43.65250000000003,-79.56750000000007,0,3,1,1,0,2,1,0
13,55,78,19,43.64750000000003,-79.36250000000025,4,6,4,1,1,0,1,2
32,68,25,7,43.74250000000008,-79.29750000000031,0,2,1,1,0,2,1,0
51,81,9,3,43.83750000000013,-79.23250000000037,0,2,1,0,0,0,0,0
24,64,0,0,43.70250000000006,-79.3175000000003,0,0,0,0,0,0,0,0
43,77,0,0,43.797500000000106,-79.25250000000035,0,0,0,0,0,0,0,0
16,60,8,3,43.66250000000004,-79.33750000000028,0,1,1,1,0,0,0,0
36,38,31,9,43.76250000000009,-79.44750000000018,2,4,1,2,0,0,0,0
28,34,6,2,43.72250000000007,-79.46750000000016,0,1,1,0,0,0,0,0
6,15,8,3,43.61250000000001,-79.56250000000007,0,1,1,1,0,0,0,0
38,84,25,7,43.77250000000009,-79.21750000000038,1,3,1,1,0,1,0,0
17,61,6,2,43.66750000000004,-79.33250000000028,0,2,0,0,0,0,0,0
29,35,6,2,43.72750000000007,-79.46250000000016,0,1,1,0,0,0,0,0
21,31,8,3,43.68750000000005,-79.48250000000014,0,1,1,1,0,0,0,0
40,44,8,3,43.7825000000001,-79.4175000000002,0,2,0,1,0,0,0,0
27,74,21,5,43.717500000000065,-79.26750000000034,1,1,0,1,0,2,0,0
33,5,6,2,43.74750000000008,-79.61250000000003,0,1,1,0,0,0,0,0
39,48,38,12,43.777500000000096,-79.39750000000022,1,5,3,2,0,0,1,0
10,21,24,7,43.63250000000002,-79.5325000000001,0,3,1,1,0,2,0,0
42,90,2,1,43.7925000000001,-79.18750000000041,0,0,0,1,0,0,0,0
34,6,11,4,43.75250000000008,-79.60750000000003,0,2,1,1,0,0,0,0
20,71,2,1,43.68250000000005,-79.28250000000033,0,0,0,1,0,0,0,0
39,84,13,4,43.777500000000096,-79.21750000000038,0,1,1,1,0,1,0,0
13,32,6,2,43.64750000000003,-79.47750000000015,0,1,1,0,0,0,0,0
31,80,20,6,43.737500000000075,-79.23750000000037,0,2,1,1,0,1,1,0
32,45,39,10,43.74250000000008,-79.41250000000021,2,2,2,1,0,1,1,1
23,76,2,1,43.697500000000055,-79.25750000000035,0,0,0,1,0,0,0,0
24,41,6,2,43.70250000000006,-79.43250000000019,0,2,0,0,0,0,0,0
43,54,0,0,43.797500000000106,-79.36750000000025,0,0,0,0,0,0,0,0
16,37,11,4,43.66250000000004,-79.45250000000017,0,2,1,1,0,0,0,0
3,18,6,2,43.597500000000004,-79.54750000000008,0,1,1,0,0,0,0,0
35,50,51,14,43.757500000000086,-79.38750000000023,2,5,3,1,0,1,1,1
36,15,5,2,43.76250000000009,-79.56250000000007,0,1,0,1,0,0,0,0
34,91,3,1,43.75250000000008,-79.18250000000042,0,1,0,0,0,0,0,0
5,27,2,1,43.60750000000001,-79.50250000000013,0,0,0,1,0,0,0,0
37,96,8,3,43.76750000000009,-79.15750000000044,0,1,1,1,0,0,0,0
17,38,5,2,43.66750000000004,-79.44750000000018,0,1,0,1,0,0,0,0
36,51,23,7,43.76250000000009,-79.38250000000023,1,2,1,2,0,0,1,0
28,47,6,2,43.72250000000007,-79.40250000000022,0,2,0,0,0,0,0,0
29,12,5,2,43.72750000000007,-79.57750000000006,0,0,1,1,0,0,0,0
21,8,23,7,43.68750000000005,-79.59750000000004,0,3,1,1,0,1,1,0
6,28,8,3,43.61250000000001,-79.49750000000013,0,1,1,1,0,0,0,0
42,67,3,1,43.7925000000001,-79.30250000000031,0,1,0,0,0,0,0,0
33,18,6,2,43.74750000000008,-79.54750000000008,0,1,1,0,0,0,0,0
25,14,9,3,43.70750000000006,-79.56750000000007,0,2,1,0,0,0,0,0
20,48,35,10,43.68250000000005,-79.39750000000022,2,2,3,2,0,0,0,1
39,61,3,1,43.777500000000096,-79.33250000000028,0,0,1,0,0,0,0,0
12,44,9,3,43.64250000000003,-79.4175000000002,0,2,1,0,0,0,0,0
31,57,5,2,43.737500000000075,-79.35250000000026,0,0,1,1,0,0,0,0
32,22,5,2,43.74250000000008,-79.5275000000001,0,1,0,1,0,0,0,0
23,53,3,1,43.697500000000055,-79.37250000000024,0,0,1,0,0,0,0,0
22,8,21,5,43.69250000000005,-79.59750000000004,1,1,0,1,0,2,0,0
13,45,3,1,43.64750000000003,-79.41250000000021,0,0,1,0,0,0,0,0
32,58,8,3,43.74250000000008,-79.34750000000027,0,2,0,1,0,0,0,0
24,54,3,1,43.70250000000006,-79.36750000000025,0,0,1,0,0,0,0,0
16,50,72,22,43.66250000000004,-79.38750000000023,2,8,6,3,0,0,2,1
17,15,24,6,43.66750000000004,-79.56250000000007,1,2,0,1,0,2,0,0
35,63,6,2,43.757500000000086,-79.32250000000029,0,1,1,0,0,0,0,0
36,28,8,3,43.76250000000009,-79.49750000000013,0,1,1,1,0,0,0,0
28,24,9,3,43.72250000000007,-79.51750000000011,0,2,1,0,0,0,0,0
38,74,31,8,43.77250000000009,-79.26750000000034,1,3,0,1,0,2,1,0
49,83,5,2,43.82750000000012,-79.22250000000038,0,1,0,1,0,0,0,0
29,25,0,0,43.72750000000007,-79.51250000000012,0,0,0,0,0,0,0,0
42,44,6,2,43.7925000000001,-79.4175000000002,0,1,1,0,0,0,0,0
21,21,18,5,43.68750000000005,-79.5325000000001,0,2,0,1,0,2,0,0
19,60,5,2,43.677500000000045,-79.33750000000028,0,1,0,1,0,0,0,0
39,38,33,10,43.777500000000096,-79.44750000000018,1,5,2,1,0,0,1,0
42,80,5,2,43.7925000000001,-79.23750000000037,0,0,1,1,0,0,0,0
20,61,8,3,43.68250000000005,-79.33250000000028,0,1,1,1,0,0,0,0
12,57,6,2,43.64250000000003,-79.35250000000026,0,2,0,0,0,0,0,0
13,22,27,7,43.64750000000003,-79.5275000000001,1,2,1,1,0,2,0,0
31,70,17,5,43.737500000000075,-79.28750000000032,0,2,0,1,0,1,1,0
23,66,9,3,43.697500000000055,-79.3075000000003,0,2,1,0,0,0,0,0
24,31,8,3,43.70250000000006,-79.48250000000014,0,1,1,1,0,0,0,0
43,44,5,2,43.797500000000106,-79.4175000000002,0,1,0,1,0,0,0,0
16,27,24,6,43.66250000000004,-79.50250000000013,1,2,0,1,0,2,0,0
35,40,33,9,43.757500000000086,-79.43750000000018,2,2,1,2,0,0,1,1
34,81,25,6,43.75250000000008,-79.23250000000037,1,1,0,1,0,2,1,0
45,90,5,2,43.80750000000011,-79.18750000000041,0,0,1,1,0,0,0,0
5,17,3,1,43.60750000000001,-79.55250000000008,0,1,0,0,0,0,0,0
46,55,11,4,43.812500000000114,-79.36250000000025,0,2,1,1,0,0,0,0
37,86,28,7,43.76750000000009,-79.2075000000004,1,1,1,1,0,2,1,0
38,51,35,10,43.77250000000009,-79.38250000000023,2,4,1,2,0,0,0,1
17,28,5,2,43.66750000000004,-79.49750000000013,0,1,0,1,0,0,0,0
9,24,18,5,43.62750000000002,-79.51750000000011,0,2,0,1,0,2,0,0
28,37,8,3,43.72250000000007,-79.45250000000017,0,2,0,1,0,0,0,0
26,76,18,5,43.71250000000006,-79.25750000000035,0,1,1,1,0,2,0,0
27,41,11,4,43.717500000000065,-79.43250000000019,0,2,1,1,0,0,0,0
6,18,8,3,43.61250000000001,-79.54750000000008,0,1,1,1,0,0,0,0
18,72,3,1,43.67250000000004,-79.27750000000033,0,0,1,0,0,0,0,0
30,46,2,1,43.73250000000007,-79.40750000000021,0,0,0,1,0,0,0,0
42,57,2,1,43.7925000000001,-79.35250000000026,0,0,0,1,0,0,0,0
27,77,13,4,43.717500000000065,-79.25250000000035,0,1,1,1,0,1,0,0
20,38,11,4,43.68250000000005,-79.44750000000018,0,2,1,1,0,0,0,0
39,51,35,10,43.777500000000096,-79.38250000000023,2,4,1,2,0,0,0,1
30,82,20,5,43.73250000000007,-79.22750000000038,1,1,0,1,0,1,1,0
31,47,8,3,43.737500000000075,-79.40250000000022,0,1,1,1,0,0,0,0
32,12,5,2,43.74250000000008,-79.57750000000006,0,0,1,1,0,0,0,0
23,43,8,3,43.697500000000055,-79.4225000000002,0,1,1,1,0,0,0,0
24,8,2,1,43.70250000000006,-79.59750000000004,0,0,0,1,0,0,0,0
41,97,5,2,43.7875000000001,-79.15250000000044,0,0,1,1,0,0,0,0
34,58,2,1,43.75250000000008,-79.34750000000027,0,0,0,1,0,0,0,0
45,67,6,2,43.80750000000011,-79.30250000000031,0,1,1,0,0,0,0,0
24,44,43,12,43.70250000000006,-79.4175000000002,2,3,3,2,0,1,0,1
16,40,3,1,43.66250000000004,-79.43750000000018,0,0,1,0,0,0,0,0
28,14,5,2,43.72250000000007,-79.56750000000007,0,0,1,1,0,0,0,0
26,53,9,3,43.71250000000006,-79.37250000000024,0,2,1,0,0,0,0,0
46,68,11,4,43.812500000000114,-79.29750000000031,0,2,1,1,0,0,0,0
38,64,5,2,43.77250000000009,-79.3175000000003,0,1,0,1,0,0,0,0
49,73,0,0,43.82750000000012,-79.27250000000033,0,0,0,0,0,0,0,0
27,54,6,2,43.717500000000065,-79.36750000000025,0,2,0,0,0,0,0,0
19,50,38,10,43.677500000000045,-79.38750000000023,2,4,1,1,0,1,1,0
20,15,21,5,43.68250000000005,-79.56250000000007,1,1,0,1,0,2,0,0
11,46,6,2,43.637500000000024,-79.40750000000021,0,1,1,0,0,0,0,0
39,28,9,3,43.777500000000096,-79.49750000000013,0,2,1,0,0,0,0,0
30,59,8,3,43.73250000000007,-79.34250000000027,0,2,0,1,0,0,0,0
31,24,5,2,43.737500000000075,-79.51750000000011,0,0,1,1,0,0,0,0
23,20,22,6,43.697500000000055,-79.5375000000001,1,2,1,1,0,1,0,0
41,74,11,4,43.7875000000001,-79.26750000000034,0,2,1,1,0,0,0,0
20,51,28,8,43.68250000000005,-79.38250000000023,1,3,1,1,0,0,1,1
33,70,14,4,43.74750000000008,-79.28750000000032,0,1,0,1,0,1,1,0
12,47,3,1,43.64250000000003,-79.40250000000022,0,1,0,0,0,0,0,0
13,12,26,7,43.64750000000003,-79.57750000000006,1,3,0,1,0,1,1,0
32,25,3,1,43.74250000000008,-79.51250000000012,0,1,0,0,0,0,0,0
24,21,11,4,43.70250000000006,-79.5325000000001,0,2,1,1,0,0,0,0
16,17,10,3,43.66250000000004,-79.55250000000008,0,1,0,1,0,1,0,0
35,30,0,0,43.757500000000086,-79.48750000000014,0,0,0,0,0,0,0,0
22,60,3,1,43.69250000000005,-79.33750000000028,0,1,0,0,0,0,0,0
34,71,19,5,43.75250000000008,-79.28250000000033,1,1,1,1,0,1,0,0
37,76,18,5,43.76750000000009,-79.25750000000035,0,1,1,1,0,2,0,0
38,41,32,9,43.77250000000009,-79.43250000000019,1,4,1,1,0,1,1,0
15,57,9,3,43.657500000000034,-79.35250000000026,0,2,1,0,0,0,0,0
7,53,0,0,43.617500000000014,-79.37250000000024,0,0,0,0,0,0,0,0
26,66,3,1,43.71250000000006,-79.3075000000003,0,0,1,0,0,0,0,0
27,31,3,1,43.717500000000065,-79.48250000000014,0,0,1,0,0,0,0,0
18,62,9,3,43.67250000000004,-79.32750000000028,0,2,1,0,0,0,0,0
19,27,19,5,43.677500000000045,-79.50250000000013,0,1,0,1,0,2,1,0
30,36,9,3,43.73250000000007,-79.45750000000017,0,2,1,0,0,0,0,0
42,47,3,1,43.7925000000001,-79.40250000000022,0,1,0,0,0,0,0,0
29,77,14,4,43.72750000000007,-79.25250000000035,0,1,0,1,0,1,1,0
40,86,9,3,43.7825000000001,-79.2075000000004,0,2,1,0,0,0,0,0
19,63,8,3,43.677500000000045,-79.32250000000029,0,1,1,1,0,0,0,0
20,28,2,1,43.68250000000005,-79.49750000000013,0,0,0,1,0,0,0,0
39,41,31,9,43.777500000000096,-79.43250000000019,1,3,1,2,0,1,0,1
31,37,11,4,43.737500000000075,-79.45250000000017,0,2,1,1,0,0,0,0
4,20,0,0,43.602500000000006,-79.5375000000001,0,0,0,0,0,0,0,0
32,2,5,2,43.74250000000008,-79.62750000000001,0,1,0,1,0,0,0,0
23,33,2,1,43.697500000000055,-79.47250000000015,0,0,0,1,0,0,0,0
35,7,0,0,43.757500000000086,-79.60250000000003,0,0,0,0,0,0,0,0
33,83,22,6,43.74750000000008,-79.22250000000038,0,1,1,1,0,2,1,0
34,48,44,12,43.75250000000008,-79.39750000000022,2,4,3,1,0,1,1,0
25,79,16,5,43.70750000000006,-79.24250000000036,0,2,1,1,0,1,0,0
44,92,3,1,43.80250000000011,-79.17750000000042,0,1,0,0,0,0,0,0
45,57,5,2,43.80750000000011,-79.35250000000026,0,0,1,1,0,0,0,0
37,53,8,3,43.76750000000009,-79.37250000000024,0,1,1,1,0,0,0,0
16,30,0,0,43.66250000000004,-79.48750000000014,0,0,0,0,0,0,0,0
22,73,6,2,43.69250000000005,-79.27250000000033,0,2,0,0,0,0,0,0
28,4,5,2,43.72250000000007,-79.61750000000002,0,0,1,1,0,0,0,0
15,34,2,1,43.657500000000034,-79.46750000000016,0,0,0,1,0,0,0,0
26,43,2,1,43.71250000000006,-79.4225000000002,0,0,0,1,0,0,0,0
46,58,3,1,43.812500000000114,-79.34750000000027,0,0,1,0,0,0,0,0
18,39,8,3,43.67250000000004,-79.44250000000018,0,1,1,1,0,0,0,0
36,93,3,1,43.76250000000009,-79.17250000000043,0,0,1,0,0,0,0,0
48,67,0,0,43.82250000000012,-79.30250000000031,0,0,0,0,0,0,0,0
8,31,3,1,43.62250000000002,-79.48250000000014,0,1,0,0,0,0,0,0
27,44,38,10,43.717500000000065,-79.4175000000002,2,2,3,1,0,1,0,1
19,40,6,2,43.677500000000045,-79.43750000000018,0,2,0,0,0,0,0,0
11,36,3,1,43.637500000000024,-79.45750000000017,0,1,0,0,0,0,0,0
31,14,2,1,43.737500000000075,-79.56750000000007,0,0,0,1,0,0,0,0
23,10,25,7,43.697500000000055,-79.58750000000005,1,3,1,1,0,1,0,0
40,99,11,4,43.7825000000001,-79.14250000000045,0,2,1,1,0,0,0,0
41,64,8,3,43.7875000000001,-79.3175000000003,0,1,1,1,0,0,0,0
33,60,5,2,43.74750000000008,-79.33750000000028,0,0,1,1,0,0,0,0
12,37,8,3,43.64250000000003,-79.45250000000017,0,1,1,1,0,0,0,0
44,69,8,3,43.80250000000011,-79.29250000000032,0,1,1,1,0,0,0,0
24,11,2,1,43.70250000000006,-79.58250000000005,0,0,0,1,0,0,0,0
22,50,32,9,43.69250000000005,-79.38750000000023,2,4,2,1,0,0,0,0
14,46,3,1,43.65250000000003,-79.40750000000021,0,0,1,0,0,0,0,0
34,61,2,1,43.75250000000008,-79.33250000000028,0,0,0,1,0,0,0,0
45,70,8,3,43.80750000000011,-79.28750000000032,0,2,0,1,0,0,0,0
37,66,5,2,43.76750000000009,-79.3075000000003,0,1,0,1,0,0,0,0
38,31,0,0,43.77250000000009,-79.48250000000014,0,0,0,0,0,0,0,0
15,47,8,3,43.657500000000034,-79.40250000000022,0,1,1,1,0,0,0,0
26,56,6,2,43.71250000000006,-79.35750000000026,0,1,1,0,0,0,0,0
27,21,0,0,43.717500000000065,-79.5325000000001,0,0,0,0,0,0,0,0
18,52,3,1,43.67250000000004,-79.37750000000024,0,0,1,0,0,0,0,0
19,17,22,6,43.677500000000045,-79.55250000000008,1,3,0,1,0,1,0,0
11,13,27,7,43.637500000000024,-79.57250000000006,1,3,0,1,0,2,0,0
30,26,6,2,43.73250000000007,-79.50750000000012,0,2,0,0,0,0,0,0
29,67,3,1,43.72750000000007,-79.30250000000031,0,0,1,0,0,0,0,0
21,63,6,2,43.68750000000005,-79.32250000000029,0,2,0,0,0,0,0,0
41,41,3,1,43.7875000000001,-79.43250000000019,0,0,1,0,0,0,0,0
20,18,16,4,43.68250000000005,-79.54750000000008,1,1,0,1,0,1,0,0
11,49,59,17,43.637500000000024,-79.39250000000023,3,6,3,3,0,0,1,1
12,14,19,5,43.64250000000003,-79.56750000000007,1,2,0,1,0,1,0,0
44,46,5,2,43.80250000000011,-79.40750000000021,0,1,0,1,0,0,0,0
23,23,20,6,43.697500000000055,-79.52250000000011,0,3,0,1,0,1,1,0
41,77,3,1,43.7875000000001,-79.25250000000035,0,1,0,0,0,0,0,0
33,73,26,7,43.74750000000008,-79.27250000000033,1,2,1,1,0,1,1,0
34,38,34,10,43.75250000000008,-79.44750000000018,1,3,2,2,0,1,1,0
25,69,20,6,43.70750000000006,-79.29250000000032,0,2,1,1,0,1,1,0
44,82,5,2,43.80250000000011,-79.22750000000038,0,0,1,1,0,0,0,0
43,86,6,2,43.797500000000106,-79.2075000000004,0,2,0,0,0,0,0,0
22,63,6,2,43.69250000000005,-79.32250000000029,0,2,0,0,0,0,0,0
14,59,6,2,43.65250000000003,-79.34250000000027,0,2,0,0,0,0,0,0
15,24,19,5,43.657500000000034,-79.51750000000011,1,2,0,1,0,1,0,0
7,20,8,3,43.617500000000014,-79.5375000000001,0,1,1,1,0,0,0,0
26,33,8,3,43.71250000000006,-79.47250000000015,0,1,1,1,0,0,0,0
18,29,8,3,43.67250000000004,-79.49250000000013,0,1,1,1,0,0,0,0
30,3,6,2,43.73250000000007,-79.62250000000002,0,2,0,0,0,0,0,0
36,83,20,6,43.76250000000009,-79.22250000000038,0,2,1,1,0,1,1,0
28,79,24,7,43.72250000000007,-79.24250000000036,0,3,1,1,0,2,0,0
40,53,3,1,43.7825000000001,-79.37250000000024,0,1,0,0,0,0,0,0
19,30,2,1,43.677500000000045,-79.48750000000014,0,0,0,1,0,0,0,0
11,26,23,6,43.637500000000024,-79.50750000000012,1,1,1,1,0,1,1,0
31,4,5,2,43.737500000000075,-79.61750000000002,0,0,1,1,0,0,0,0
29,80,18,5,43.72750000000007,-79.23750000000037,0,2,0,1,0,2,0,0
41,54,9,3,43.7875000000001,-79.36750000000025,0,2,1,0,0,0,0,0
33,50,27,8,43.74750000000008,-79.38750000000023,1,4,1,1,0,0,1,0
34,15,11,4,43.75250000000008,-79.56250000000007,0,2,1,1,0,0,0,0
25,46,37,10,43.70750000000006,-79.40750000000021,2,5,1,1,0,1,0,0
44,59,5,2,43.80250000000011,-79.34250000000027,0,0,1,1,0,0,0,0
39,93,3,1,43.777500000000096,-79.17250000000043,0,0,1,0,0,0,0,0
37,20,6,2,43.76750000000009,-79.5375000000001,0,2,0,0,0,0,0,0
3,27,8,3,43.597500000000004,-79.50250000000013,0,1,1,1,0,0,0,0
22,40,3,1,43.69250000000005,-79.43750000000018,0,0,1,0,0,0,0,0
14,36,3,1,43.65250000000003,-79.45750000000017,0,1,0,0,0,0,0,0
34,51,40,12,43.75250000000008,-79.38250000000023,1,5,2,2,0,1,0,1
26,10,3,1,43.71250000000006,-79.58750000000005,0,1,0,0,0,0,0,0
37,56,3,1,43.76750000000009,-79.35750000000026,0,0,1,0,0,0,0,0
38,21,8,3,43.77250000000009,-79.5325000000001,0,2,0,1,0,0,0,0
43,99,11,4,43.797500000000106,-79.14250000000045,0,2,1,1,0,0,0,0
36,60,8,3,43.76250000000009,-79.33750000000028,0,2,0,1,0,0,0,0
15,37,2,1,43.657500000000034,-79.45250000000017,0,0,0,1,0,0,0,0
47,69,3,1,43.817500000000116,-79.29250000000032,0,0,1,0,0,0,0,0
26,46,31,9,43.71250000000006,-79.40750000000021,1,2,3,1,0,0,1,1
27,11,8,3,43.717500000000065,-79.58250000000005,0,1,1,1,0,0,0,0
18,42,11,4,43.67250000000004,-79.4275000000002,0,2,1,1,0,0,0,0
30,16,5,2,43.73250000000007,-79.55750000000008,0,1,0,1,0,0,0,0
48,70,5,2,43.82250000000012,-79.28750000000032,0,1,0,1,0,0,0,0
21,53,6,2,43.68750000000005,-79.37250000000024,0,2,0,0,0,0,0,0
40,66,8,3,43.7825000000001,-79.3075000000003,0,2,0,1,0,0,0,0
33,27,8,3,43.74750000000008,-79.50250000000013,0,2,0,1,0,0,0,0
25,23,5,2,43.70750000000006,-79.52250000000011,0,0,1,1,0,0,0,0
10,43,3,1,43.63250000000002,-79.4225000000002,0,1,0,0,0,0,0,0
22,17,14,4,43.69250000000005,-79.55250000000008,0,1,0,1,0,1,1,0
14,13,22,6,43.65250000000003,-79.57250000000006,1,3,0,1,0,1,0,0
33,63,8,3,43.74750000000008,-79.32250000000029,0,1,1,1,0,0,0,0
34,28,0,0,43.75250000000008,-79.49750000000013,0,0,0,0,0,0,0,0
25,59,5,2,43.70750000000006,-79.34250000000027,0,0,1,1,0,0,0,0
37,33,6,2,43.76750000000009,-79.47250000000015,0,2,0,0,0,0,0,0
32,67,5,2,43.74250000000008,-79.30250000000031,0,1,0,1,0,0,0,0
22,53,11,4,43.69250000000005,-79.37250000000024,0,2,1,1,0,0,0,0
35,72,17,5,43.757500000000086,-79.27750000000033,0,1,1,1,0,1,1,0
14,49,74,20,43.65250000000003,-79.39250000000023,2,8,4,2,1,0,2,1
15,14,27,7,43.657500000000034,-79.56750000000007,1,3,0,1,0,2,0,0
26,23,0,0,43.71250000000006,-79.52250000000011,0,0,0,0,0,0,0,0
18,19,24,6,43.67250000000004,-79.54250000000009,1,1,1,1,0,2,0,0
17,60,5,2,43.66750000000004,-79.33750000000028,0,1,0,1,0,0,0,0
9,56,6,2,43.62750000000002,-79.35750000000026,0,1,1,0,0,0,0,0
29,34,6,2,43.72750000000007,-79.46750000000016,0,2,0,0,0,0,0,0
47,82,6,2,43.817500000000116,-79.22750000000038,0,2,0,0,0,0,0,0
40,43,5,2,43.7825000000001,-79.4225000000002,0,0,1,1,0,0,0,0
11,16,25,7,43.637500000000024,-79.55750000000008,0,2,1,1,0,2,1,0
29,70,24,7,43.72750000000007,-79.28750000000032,0,3,1,1,0,2,0,0
21,66,8,3,43.68750000000005,-79.3075000000003,0,1,1,1,0,0,0,0
41,44,9,3,43.7875000000001,-79.4175000000002,0,2,1,0,0,0,0,0
33,40,42,12,43.74750000000008,-79.43750000000018,2,4,3,2,0,1,0,0
25,36,5,2,43.70750000000006,-79.45750000000017,0,0,1,1,0,0,0,0
44,49,6,2,43.80250000000011,-79.39250000000023,0,1,1,0,0,0,0,0
39,83,23,6,43.777500000000096,-79.22250000000038,1,1,1,1,0,1,1,0
31,79,22,6,43.737500000000075,-79.24250000000036,0,1,1,1,0,2,1,0
22,30,5,2,43.69250000000005,-79.48750000000014,0,1,0,1,0,0,0,0
14,26,19,6,43.65250000000003,-79.50750000000012,0,3,1,1,0,1,0,0
32,80,22,6,43.74250000000008,-79.23750000000037,0,1,1,1,0,2,1,0
24,76,25,6,43.70250000000006,-79.25750000000035,1,1,0,1,0,2,1,0
35,85,28,7,43.757500000000086,-79.21250000000039,1,1,1,1,0,2,1,0
36,50,23,7,43.76250000000009,-79.38750000000023,1,4,1,1,0,0,0,0
28,46,11,4,43.72250000000007,-79.40750000000021,0,2,1,1,0,0,0,0
7,23,8,3,43.617500000000014,-79.52250000000011,0,2,0,1,0,0,0,0
6,27,6,2,43.61250000000001,-79.50250000000013,0,2,0,0,0,0,0,0
30,6,8,3,43.73250000000007,-79.60750000000003,0,1,1,1,0,0,0,0
28,82,24,6,43.72250000000007,-79.22750000000038,1,2,0,1,0,2,0,0
29,47,5,2,43.72750000000007,-79.40250000000022,0,0,1,1,0,0,0,0
21,43,6,2,43.68750000000005,-79.4225000000002,0,2,0,0,0,0,0,0
40,56,8,3,43.7825000000001,-79.35750000000026,0,1,1,1,0,0,0,0
33,17,3,1,43.74750000000008,-79.55250000000008,0,0,1,0,0,0,0,0
10,33,2,1,43.63250000000002,-79.47250000000015,0,0,0,1,0,0,0,0
42,102,3,1,43.7925000000001,-79.12750000000047,0,1,0,0,0,0,0,0
22,7,0,0,43.69250000000005,-79.60250000000003,0,0,0,0,0,0,0,0
34,18,11,4,43.75250000000008,-79.54750000000008,0,2,1,1,0,0,0,0
39,96,6,2,43.777500000000096,-79.15750000000044,0,1,1,0,0,0,0,0
37,23,3,1,43.76750000000009,-79.52250000000011,0,0,1,0,0,0,0,0
32,57,8,3,43.74250000000008,-79.35250000000026,0,1,1,1,0,0,0,0
24,53,11,4,43.70250000000006,-79.37250000000024,0,2,1,1,0,0,0,0
43,66,8,3,43.797500000000106,-79.3075000000003,0,2,0,1,0,0,0,0
35,62,0,0,43.757500000000086,-79.32750000000028,0,0,0,0,0,0,0,0
36,27,6,2,43.76250000000009,-79.50250000000013,0,2,0,0,0,0,0,0
18,9,14,4,43.67250000000004,-79.59250000000004,0,1,0,1,0,1,1,0
17,50,78,23,43.66750000000004,-79.38750000000023,3,8,6,3,0,0,1,2
36,63,3,1,43.76250000000009,-79.32250000000029,0,1,0,0,0,0,0,0
29,24,11,4,43.72750000000007,-79.51750000000011,0,2,1,1,0,0,0,0
47,72,6,2,43.817500000000116,-79.27750000000033,0,2,0,0,0,0,0,0
21,20,17,5,43.68750000000005,-79.5375000000001,0,2,0,1,0,1,1,0
40,33,3,1,43.7825000000001,-79.47250000000015,0,0,1,0,0,0,0,0
50,83,0,0,43.832500000000124,-79.22250000000038,0,0,0,0,0,0,0,0
42,79,6,2,43.7925000000001,-79.24250000000036,0,2,0,0,0,0,0,0
33,30,8,3,43.74750000000008,-79.48750000000014,0,1,1,1,0,0,0,0
25,26,6,2,43.70750000000006,-79.50750000000012,0,1,1,0,0,0,0,0
20,60,9,3,43.68250000000005,-79.33750000000028,0,2,1,0,0,0,0,0
39,73,19,5,43.777500000000096,-79.27250000000033,1,2,0,1,0,1,0,0
31,69,28,7,43.737500000000075,-79.29250000000032,1,1,1,1,0,2,1,0
23,65,8,3,43.697500000000055,-79.3125000000003,0,2,0,1,0,0,0,0
43,43,0,0,43.797500000000106,-79.4225000000002,0,0,0,0,0,0,0,0
22,20,19,5,43.69250000000005,-79.5375000000001,1,1,1,1,0,1,0,0
35,39,30,9,43.757500000000086,-79.44250000000018,1,4,2,1,0,0,0,1
13,57,11,4,43.64750000000003,-79.35250000000026,0,2,1,1,0,0,0,0
32,70,27,7,43.74250000000008,-79.28750000000032,1,2,1,1,0,2,0,0
24,66,11,4,43.70250000000006,-79.3075000000003,0,2,1,1,0,0,0,0
43,79,11,4,43.797500000000106,-79.24250000000036,0,2,1,1,0,0,0,0
16,62,5,2,43.66250000000004,-79.32750000000028,0,0,1,1,0,0,0,0
17,27,20,5,43.66750000000004,-79.50250000000013,1,1,0,1,0,1,1,0
35,75,34,9,43.757500000000086,-79.26250000000034,1,3,1,1,0,2,1,0
36,40,38,11,43.76250000000009,-79.43750000000018,2,5,1,2,0,0,1,0
9,23,23,6,43.62750000000002,-79.52250000000011,1,1,1,1,0,1,1,0
28,36,3,1,43.72250000000007,-79.45750000000017,0,0,1,0,0,0,0,0
6,17,5,2,43.61250000000001,-79.55250000000008,0,0,1,1,0,0,0,0
38,86,13,4,43.77250000000009,-79.2075000000004,0,2,0,1,0,1,0,0
21,33,3,1,43.68750000000005,-79.47250000000015,0,1,0,0,0,0,0,0
27,76,27,7,43.717500000000065,-79.25750000000035,1,2,1,1,0,2,0,0
33,7,0,0,43.74750000000008,-79.60250000000003,0,0,0,0,0,0,0,0
19,72,3,1,43.677500000000045,-79.27750000000033,0,1,0,0,0,0,0,0
39,50,29,8,43.777500000000096,-79.38750000000023,2,4,1,1,0,0,0,0
30,81,21,5,43.73250000000007,-79.23250000000037,1,1,0,1,0,2,0,0
31,46,8,3,43.737500000000075,-79.40750000000021,0,2,0,1,0,0,0,0
10,23,22,6,43.63250000000002,-79.52250000000011,0,2,0,1,0,2,1,0
42,92,9,3,43.7925000000001,-79.17750000000042,0,2,1,0,0,0,0,0
2,19,3,1,43.5925,-79.54250000000009,0,1,0,0,0,0,0,0
20,73,8,3,43.68250000000005,-79.27250000000033,0,2,0,1,0,0,0,0
39,86,24,7,43.777500000000096,-79.2075000000004,0,3,1,1,0,2,0,0
13,34,11,4,43.64750000000003,-79.46750000000016,0,2,1,1,0,0,0,0
31,82,10,3,43.737500000000075,-79.22750000000038,0,1,0,1,0,1,0,0
32,47,30,9,43.74250000000008,-79.40250000000022,1,3,2,2,0,1,0,0
24,43,8,3,43.70250000000006,-79.4225000000002,0,2,0,1,0,0,0,0
43,56,2,1,43.797500000000106,-79.35750000000026,0,0,0,1,0,0,0,0
16,39,8,3,43.66250000000004,-79.44250000000018,0,1,1,1,0,0,0,0
35,52,8,3,43.757500000000086,-79.37750000000024,0,2,0,1,0,0,0,0
36,17,0,0,43.76250000000009,-79.55250000000008,0,0,0,0,0,0,0,0
28,13,3,1,43.72250000000007,-79.57250000000006,0,0,1,0,0,0,0,0
5,29,8,3,43.60750000000001,-79.49250000000013,0,2,0,1,0,0,0,0
46,67,11,4,43.812500000000114,-79.30250000000031,0,2,1,1,0,0,0,0
17,40,3,1,43.66750000000004,-79.43750000000018,0,1,0,0,0,0,0,0
49,72,2,1,43.82750000000012,-79.27750000000033,0,0,0,1,0,0,0,0
28,49,9,3,43.72250000000007,-79.39250000000023,0,2,1,0,0,0,0,0
29,14,3,1,43.72750000000007,-79.56750000000007,0,1,0,0,0,0,0,0
21,10,27,7,43.68750000000005,-79.58750000000005,1,2,1,1,0,2,0,0
6,30,8,3,43.61250000000001,-79.48750000000014,0,1,1,1,0,0,0,0
42,69,8,3,43.7925000000001,-79.29250000000032,0,2,0,1,0,0,0,0
25,16,3,1,43.70750000000006,-79.55750000000008,0,0,1,0,0,0,0,0
20,50,40,12,43.68250000000005,-79.38750000000023,1,4,3,2,0,1,1,0
39,63,8,3,43.777500000000096,-79.32250000000029,0,1,1,1,0,0,0,0
12,46,0,0,43.64250000000003,-79.40750000000021,0,0,0,0,0,0,0,0
31,59,3,1,43.737500000000075,-79.34250000000027,0,1,0,0,0,0,0,0
32,24,0,0,43.74250000000008,-79.51750000000011,0,0,0,0,0,0,0,0
35,29,9,3,43.757500000000086,-79.49250000000013,0,2,1,0,0,0,0,0
13,47,6,2,43.64750000000003,-79.40250000000022,0,2,0,0,0,0,0,0
24,56,3,1,43.70250000000006,-79.35750000000026,0,1,0,0,0,0,0,0
16,52,69,18,43.66250000000004,-79.37750000000024,2,6,5,1,1,0,1,2
17,17,34,9,43.66750000000004,-79.55250000000008,1,3,1,1,0,2,1,0
36,30,5,2,43.76250000000009,-79.48750000000014,0,1,0,1,0,0,0,0
9,13,23,6,43.62750000000002,-79.57250000000006,1,1,1,1,0,1,1,0
28,26,8,3,43.72250000000007,-79.50750000000012,0,2,0,1,0,0,0,0
46,80,5,2,43.812500000000114,-79.23750000000037,0,1,0,1,0,0,0,0
38,76,10,3,43.77250000000009,-79.25750000000035,0,1,0,1,0,1,0,0
42,46,2,1,43.7925000000001,-79.40750000000021,0,0,0,1,0,0,0,0
21,23,16,5,43.68750000000005,-79.52250000000011,0,2,1,1,0,1,0,0
27,66,3,1,43.717500000000065,-79.3075000000003,0,0,1,0,0,0,0,0
19,62,5,2,43.677500000000045,-79.32750000000028,0,1,0,1,0,0,0,0
39,40,36,11,43.777500000000096,-79.43750000000018,1,4,3,2,0,1,0,0
11,58,8,3,43.637500000000024,-79.34750000000027,0,1,1,1,0,0,0,0
30,71,18,5,43.73250000000007,-79.28250000000033,0,2,0,1,0,2,0,0
10,13,31,8,43.63250000000002,-79.57250000000006,1,2,1,1,0,2,1,0
23,32,5,2,43.697500000000055,-79.47750000000015,0,0,1,1,0,0,0,0
41,86,9,3,43.7875000000001,-79.2075000000004,0,2,1,0,0,0,0,0
20,63,3,1,43.68250000000005,-79.32250000000029,0,0,1,0,0,0,0,0
12,59,3,1,43.64250000000003,-79.34250000000027,0,0,1,0,0,0,0,0
13,24,19,5,43.64750000000003,-79.51750000000011,1,2,0,1,0,1,0,0
32,37,5,2,43.74250000000008,-79.45250000000017,0,0,1,1,0,0,0,0
44,91,11,4,43.80250000000011,-79.18250000000042,0,2,1,1,0,0,0,0
23,68,6,2,43.697500000000055,-79.29750000000031,0,1,1,0,0,0,0,0
24,33,3,1,43.70250000000006,-79.47250000000015,0,0,1,0,0,0,0,0
43,46,2,1,43.797500000000106,-79.40750000000021,0,0,0,1,0,0,0,0
16,29,6,2,43.66250000000004,-79.49250000000013,0,1,1,0,0,0,0,0
35,42,39,11,43.757500000000086,-79.4275000000002,2,5,1,2,0,1,0,0
28,3,5,2,43.72250000000007,-79.62250000000002,0,0,1,1,0,0,0,0
34,83,31,8,43.75250000000008,-79.22250000000038,1,3,0,1,0,2,1,0
45,92,0,0,43.80750000000011,-79.17750000000042,0,0,0,0,0,0,0,0
5,19,9,3,43.60750000000001,-79.54250000000009,0,2,1,0,0,0,0,0
37,88,6,2,43.76750000000009,-79.1975000000004,0,1,1,0,0,0,0,0
38,53,0,0,43.77250000000009,-79.37250000000024,0,0,0,0,0,0,0,0
17,30,3,1,43.66750000000004,-79.48750000000014,0,1,0,0,0,0,0,0
9,26,28,7,43.62750000000002,-79.50750000000012,1,1,1,1,0,2,1,0
26,78,27,7,43.71250000000006,-79.24750000000036,1,2,1,1,0,2,0,0
27,43,0,0,43.717500000000065,-79.4225000000002,0,0,0,0,0,0,0,0
6,20,9,3,43.61250000000001,-79.5375000000001,0,2,1,0,0,0,0,0
19,39,2,1,43.677500000000045,-79.44250000000018,0,0,0,1,0,0,0,0
30,48,11,4,43.73250000000007,-79.39750000000022,0,2,1,1,0,0,0,0
42,59,0,0,43.7925000000001,-79.34250000000027,0,0,0,0,0,0,0,0
40,98,11,4,43.7825000000001,-79.14750000000045,0,2,1,1,0,0,0,0
20,40,8,3,43.68250000000005,-79.43750000000018,0,2,0,1,0,0,0,0
12,36,6,2,43.64250000000003,-79.45750000000017,0,1,1,0,0,0,0,0
32,14,5,2,43.74250000000008,-79.56750000000007,0,0,1,1,0,0,0,0
23,45,37,11,43.697500000000055,-79.41250000000021,1,5,3,1,0,1,0,0
24,10,3,1,43.70250000000006,-79.58750000000005,0,1,0,0,0,0,0,0
35,19,9,3,43.757500000000086,-79.54250000000009,0,2,1,0,0,0,0,0
41,99,6,2,43.7875000000001,-79.14250000000045,0,1,1,0,0,0,0,0
34,60,2,1,43.75250000000008,-79.33750000000028,0,0,0,1,0,0,0,0
13,37,0,0,43.64750000000003,-79.45250000000017,0,0,0,0,0,0,0,0
45,69,2,1,43.80750000000011,-79.29250000000032,0,0,0,1,0,0,0,0
37,65,3,1,43.76750000000009,-79.3125000000003,0,1,0,0,0,0,0,0
16,42,8,3,43.66250000000004,-79.4275000000002,0,2,0,1,0,0,0,0
28,16,5,2,43.72250000000007,-79.55750000000008,0,0,1,1,0,0,0,0
15,46,11,4,43.657500000000034,-79.40750000000021,0,2,1,1,0,0,0,0
26,55,6,2,43.71250000000006,-79.36250000000025,0,1,1,0,0,0,0,0
46,70,3,1,43.812500000000114,-79.28750000000032,0,0,1,0,0,0,0,0
18,51,22,6,43.67250000000004,-79.38250000000023,1,2,1,1,0,1,0,0
38,66,2,1,43.77250000000009,-79.3075000000003,0,0,0,1,0,0,0,0
49,75,8,3,43.82750000000012,-79.26250000000034,0,1,1,1,0,0,0,0
27,56,9,3,43.717500000000065,-79.35750000000026,0,2,1,0,0,0,0,0
19,52,0,0,43.677500000000045,-79.37750000000024,0,0,0,0,0,0,0,0
20,17,25,7,43.68250000000005,-79.55250000000008,0,2,1,1,0,2,1,0
11,48,54,16,43.637500000000024,-79.39750000000022,2,5,3,3,0,0,2,1
12,13,22,6,43.64250000000003,-79.57250000000006,0,2,0,1,0,2,1,0
30,61,6,2,43.73250000000007,-79.33250000000028,0,2,0,0,0,0,0,0
31,26,5,2,43.737500000000075,-79.50750000000012,0,1,0,1,0,0,0,0
39,30,5,2,43.777500000000096,-79.48750000000014,0,1,0,1,0,0,0,0
23,22,10,3,43.697500000000055,-79.5275000000001,0,1,0,1,0,1,0,0
41,76,3,1,43.7875000000001,-79.25750000000035,0,1,0,0,0,0,0,0
33,72,22,6,43.74750000000008,-79.27750000000033,0,2,0,1,0,2,1,0
12,49,78,20,43.64250000000003,-79.39250000000023,4,6,4,3,1,0,1,1
13,14,29,8,43.64750000000003,-79.56750000000007,1,3,1,1,0,1,1,0
25,68,19,5,43.70750000000006,-79.29750000000031,1,1,1,1,0,1,0,0
44,81,11,4,43.80250000000011,-79.23250000000037,0,2,1,1,0,0,0,0
32,27,8,3,43.74250000000008,-79.50250000000013,0,2,0,1,0,0,0,0
24,23,8,3,43.70250000000006,-79.52250000000011,0,2,0,1,0,0,0,0
16,19,13,4,43.66250000000004,-79.54250000000009,0,1,1,1,0,1,0,0
35,32,5,2,43.757500000000086,-79.47750000000015,0,1,0,1,0,0,0,0
22,62,5,2,43.69250000000005,-79.32750000000028,0,0,1,1,0,0,0,0
34,73,23,6,43.75250000000008,-79.27250000000033,1,2,0,1,0,1,1,0
45,82,6,2,43.80750000000011,-79.22750000000038,0,1,1,0,0,0,0,0
37,78,19,5,43.76750000000009,-79.24750000000036,0,1,0,1,0,2,1,0
38,43,44,12,43.77250000000009,-79.4225000000002,2,4,3,1,0,1,1,0
9,16,21,5,43.62750000000002,-79.55750000000008,1,1,0,1,0,2,0,0
15,59,5,2,43.657500000000034,-79.34250000000027,0,0,1,1,0,0,0,0
26,68,31,8,43.71250000000006,-79.29750000000031,1,3,0,1,0,2,1,0
18,64,0,0,43.67250000000004,-79.3175000000003,0,0,0,0,0,0,0,0
19,29,2,1,43.677500000000045,-79.49250000000013,0,0,0,1,0,0,0,0
11,25,25,7,43.637500000000024,-79.51250000000012,0,3,0,1,0,2,1,0
30,38,8,3,43.73250000000007,-79.44750000000018,0,1,1,1,0,0,0,0
42,49,6,2,43.7925000000001,-79.39250000000023,0,1,1,0,0,0,0,0
29,79,15,4,43.72750000000007,-79.24250000000036,0,1,0,1,0,2,0,0
48,92,0,0,43.82250000000012,-79.17750000000042,0,0,0,0,0,0,0,0
40,88,5,2,43.7825000000001,-79.1975000000004,0,0,1,1,0,0,0,0
41,53,9,3,43.7875000000001,-79.37250000000024,0,2,1,0,0,0,0,0
20,30,0,0,43.68250000000005,-79.48750000000014,0,0,0,0,0,0,0,0
12,26,24,6,43.64250000000003,-79.50750000000012,1,2,0,1,0,2,0,0
31,39,6,2,43.737500000000075,-79.44250000000018,0,1,1,0,0,0,0,0
44,58,5,2,43.80250000000011,-79.34750000000027,0,1,0,1,0,0,0,0
4,22,2,1,43.602500000000006,-79.5275000000001,0,0,0,1,0,0,0,0
23,35,11,4,43.697500000000055,-79.46250000000016,0,2,1,1,0,0,0,0
35,9,2,1,43.757500000000086,-79.59250000000004,0,0,0,1,0,0,0,0
41,89,0,0,43.7875000000001,-79.19250000000041,0,0,0,0,0,0,0,0
33,85,24,6,43.74750000000008,-79.21250000000039,1,2,0,1,0,2,0,0
34,50,33,9,43.75250000000008,-79.38750000000023,2,2,1,2,0,0,1,1
44,94,2,1,43.80250000000011,-79.16750000000043,0,0,0,1,0,0,0,0
37,55,6,2,43.76750000000009,-79.36250000000025,0,2,0,0,0,0,0,0
22,75,2,1,43.69250000000005,-79.26250000000034,0,0,0,1,0,0,0,0
15,36,3,1,43.657500000000034,-79.45750000000017,0,1,0,0,0,0,0,0
26,45,37,11,43.71250000000006,-79.41250000000021,1,3,3,2,0,1,1,0
27,10,9,3,43.717500000000065,-79.58750000000005,0,2,1,0,0,0,0,0
18,41,5,2,43.67250000000004,-79.43250000000019,0,1,0,1,0,0,0,0
38,56,0,0,43.77250000000009,-79.35750000000026,0,0,0,0,0,0,0,0
30,15,5,2,43.73250000000007,-79.56250000000007,0,0,1,1,0,0,0,0
48,69,3,1,43.82250000000012,-79.29250000000032,0,0,1,0,0,0,0,0
27,46,37,11,43.717500000000065,-79.40750000000021,1,5,3,1,0,1,0,0
40,65,8,3,43.7825000000001,-79.3125000000003,0,2,0,1,0,0,0,0
19,42,3,1,43.677500000000045,-79.4275000000002,0,1,0,0,0,0,0,0
11,38,0,0,43.637500000000024,-79.44750000000018,0,0,0,0,0,0,0,0
31,16,11,4,43.737500000000075,-79.55750000000008,0,2,1,1,0,0,0,0
23,12,30,8,43.697500000000055,-79.57750000000006,1,3,1,1,0,2,0,0
40,101,5,2,43.7825000000001,-79.13250000000046,0,0,1,1,0,0,0,0
41,66,6,2,43.7875000000001,-79.3075000000003,0,1,1,0,0,0,0,0
33,62,3,1,43.74750000000008,-79.32750000000028,0,0,1,0,0,0,0,0
34,27,2,1,43.75250000000008,-79.50250000000013,0,0,0,1,0,0,0,0
44,71,5,2,43.80250000000011,-79.28250000000033,0,0,1,1,0,0,0,0
37,32,2,1,43.76750000000009,-79.47750000000015,0,0,0,1,0,0,0,0
16,9,16,5,43.66250000000004,-79.59250000000004,0,2,1,1,0,1,0,0
22,52,2,1,43.69250000000005,-79.37750000000024,0,0,0,1,0,0,0,0
14,48,72,20,43.65250000000003,-79.39750000000022,4,7,3,3,0,0,2,1
34,63,0,0,43.75250000000008,-79.32250000000029,0,0,0,0,0,0,0,0
26,22,2,1,43.71250000000006,-79.5275000000001,0,0,0,1,0,0,0,0
38,33,8,3,43.77250000000009,-79.47250000000015,0,2,0,1,0,0,0,0
36,72,22,6,43.76250000000009,-79.27750000000033,1,3,0,1,0,1,0,0
15,49,67,19,43.657500000000034,-79.39250000000023,3,4,5,3,0,0,2,2
47,81,8,3,43.817500000000116,-79.23250000000037,0,2,0,1,0,0,0,0
27,23,8,3,43.717500000000065,-79.52250000000011,0,2,0,1,0,0,0,0
18,54,6,2,43.67250000000004,-79.36750000000025,0,1,1,0,0,0,0,0
19,19,24,7,43.677500000000045,-79.54250000000009,0,3,1,1,0,2,0,0
11,15,22,6,43.637500000000024,-79.56250000000007,1,3,0,1,0,1,0,0
30,28,11,4,43.73250000000007,-79.49750000000013,0,2,1,1,0,0,0,0
29,69,25,6,43.72750000000007,-79.29250000000032,1,1,0,1,0,2,1,0
48,82,9,3,43.82250000000012,-79.22750000000038,0,2,1,0,0,0,0,0
21,65,5,2,43.68750000000005,-79.3125000000003,0,1,0,1,0,0,0,0
40,78,5,2,43.7825000000001,-79.24750000000036,0,1,0,1,0,0,0,0
41,43,9,3,43.7875000000001,-79.4225000000002,0,2,1,0,0,0,0,0
33,39,29,9,43.74750000000008,-79.44250000000018,1,3,2,2,0,0,1,0
12,16,28,7,43.64250000000003,-79.55750000000008,1,2,0,1,0,2,1,0
44,48,5,2,43.80250000000011,-79.39750000000022,0,0,1,1,0,0,0,0
33,75,34,9,43.74750000000008,-79.26250000000034,1,3,1,1,0,2,1,0
34,40,36,10,43.75250000000008,-79.43750000000018,2,4,1,2,0,1,0,0
25,71,19,5,43.70750000000006,-79.28250000000033,1,1,1,1,0,1,0,0
37,45,24,7,43.76750000000009,-79.41250000000021,1,2,2,1,0,0,1,0
32,79,22,6,43.74250000000008,-79.24250000000036,0,2,0,1,0,2,1,0
43,88,6,2,43.797500000000106,-79.1975000000004,0,1,1,0,0,0,0,0
22,65,0,0,43.69250000000005,-79.3125000000003,0,0,0,0,0,0,0,0
35,84,16,5,43.757500000000086,-79.21750000000038,0,3,0,1,0,1,0,0
15,26,28,8,43.657500000000034,-79.50750000000012,0,3,1,1,0,2,1,0
7,22,11,4,43.617500000000014,-79.5275000000001,0,2,1,1,0,0,0,0
26,35,3,1,43.71250000000006,-79.46250000000016,0,1,0,0,0,0,0,0
18,31,8,3,43.67250000000004,-79.48250000000014,0,2,0,1,0,0,0,0
30,5,0,0,43.73250000000007,-79.61250000000003,0,0,0,0,0,0,0,0
36,85,25,6,43.76250000000009,-79.21250000000039,1,1,0,1,0,2,1,0
28,81,10,3,43.72250000000007,-79.23250000000037,0,1,0,1,0,1,0,0
29,46,5,2,43.72750000000007,-79.40750000000021,0,0,1,1,0,0,0,0
8,23,25,7,43.62250000000002,-79.52250000000011,1,3,1,1,0,1,0,0
40,55,2,1,43.7825000000001,-79.36250000000025,0,0,0,1,0,0,0,0
11,28,5,2,43.637500000000024,-79.49750000000013,0,1,0,1,0,0,0,0
31,6,11,4,43.737500000000075,-79.60750000000003,0,2,1,1,0,0,0,0
29,82,16,4,43.72750000000007,-79.22750000000038,1,1,0,1,0,1,0,0
41,56,8,3,43.7875000000001,-79.35750000000026,0,2,0,1,0,0,0,0
33,52,6,2,43.74750000000008,-79.37750000000024,0,1,1,0,0,0,0,0
34,17,8,3,43.75250000000008,-79.55250000000008,0,2,0,1,0,0,0,0
25,48,35,9,43.70750000000006,-79.39750000000022,2,2,2,1,0,1,1,0
44,61,5,2,43.80250000000011,-79.33250000000028,0,0,1,1,0,0,0,0
37,22,8,3,43.76750000000009,-79.5275000000001,0,2,0,1,0,0,0,0
22,42,5,2,43.69250000000005,-79.4275000000002,0,0,1,1,0,0,0,0
14,38,3,1,43.65250000000003,-79.44750000000018,0,0,1,0,0,0,0,0
38,23,6,2,43.77250000000009,-79.52250000000011,0,1,1,0,0,0,0,0
36,62,5,2,43.76250000000009,-79.32750000000028,0,0,1,1,0,0,0,0
15,39,9,3,43.657500000000034,-79.44250000000018,0,2,1,0,0,0,0,0
47,71,3,1,43.817500000000116,-79.28250000000033,0,0,1,0,0,0,0,0
27,13,8,3,43.717500000000065,-79.57250000000006,0,1,1,1,0,0,0,0
18,44,41,11,43.67250000000004,-79.4175000000002,2,3,3,1,0,1,1,0
19,9,19,5,43.677500000000045,-79.59250000000004,0,1,0,1,0,2,1,0
29,59,3,1,43.72750000000007,-79.34250000000027,0,0,1,0,0,0,0,0
48,72,5,2,43.82250000000012,-79.27750000000033,0,1,0,1,0,0,0,0
21,55,2,1,43.68750000000005,-79.36250000000025,0,0,0,1,0,0,0,0
40,68,5,2,43.7825000000001,-79.29750000000031,0,0,1,1,0,0,0,0
33,29,11,4,43.74750000000008,-79.49250000000013,0,2,1,1,0,0,0,0
25,25,8,3,43.70750000000006,-79.51250000000012,0,1,1,1,0,0,0,0
10,45,5,2,43.63250000000002,-79.41250000000021,0,0,1,1,0,0,0,0
22,19,26,7,43.69250000000005,-79.54250000000009,1,2,1,1,0,1,1,0
14,15,14,4,43.65250000000003,-79.56250000000007,0,1,0,1,0,1,1,0
34,30,2,1,43.75250000000008,-79.48750000000014,0,0,0,1,0,0,0,0
25,61,6,2,43.70750000000006,-79.33250000000028,0,1,1,0,0,0,0,0
32,69,28,7,43.74250000000008,-79.29250000000032,1,2,0,1,0,2,1,0
37,35,6,2,43.76750000000009,-79.46250000000016,0,1,1,0,0,0,0,0
24,65,6,2,43.70250000000006,-79.3125000000003,0,1,1,0,0,0,0,0
43,78,3,1,43.797500000000106,-79.24750000000036,0,0,1,0,0,0,0,0
35,74,21,6,43.757500000000086,-79.26750000000034,0,3,0,1,0,2,0,0
14,51,95,24,43.65250000000003,-79.38250000000023,5,6,5,3,1,0,2,2
15,16,27,7,43.657500000000034,-79.55750000000008,1,2,1,1,0,2,0,0
18,21,20,6,43.67250000000004,-79.5325000000001,0,3,0,1,0,1,1,0
17,62,8,3,43.66750000000004,-79.32750000000028,0,1,1,1,0,0,0,0
28,71,22,6,43.72250000000007,-79.28250000000033,1,3,0,1,0,1,0,0
29,36,6,2,43.72750000000007,-79.45750000000017,0,1,1,0,0,0,0,0
47,84,8,3,43.817500000000116,-79.21750000000038,0,1,1,1,0,0,0,0
21,32,9,3,43.68750000000005,-79.47750000000015,0,2,1,0,0,0,0,0
40,45,0,0,43.7825000000001,-79.41250000000021,0,0,0,0,0,0,0,0
33,6,3,1,43.74750000000008,-79.60750000000003,0,1,0,0,0,0,0,0
10,22,19,5,43.63250000000002,-79.5275000000001,1,1,1,1,0,1,0,0
42,91,2,1,43.7925000000001,-79.18250000000042,0,0,0,1,0,0,0,0
21,68,11,4,43.68750000000005,-79.29750000000031,0,2,1,1,0,0,0,0
33,42,42,12,43.74750000000008,-79.4275000000002,2,3,3,2,0,0,1,1
34,7,0,0,43.75250000000008,-79.60250000000003,0,0,0,0,0,0,0,0
20,72,3,1,43.68250000000005,-79.27750000000033,0,1,0,0,0,0,0,0
25,38,2,1,43.70750000000006,-79.44750000000018,0,0,0,1,0,0,0,0
39,85,20,6,43.777500000000096,-79.21250000000039,0,3,0,1,0,1,1,0
23,77,3,1,43.697500000000055,-79.25250000000035,0,0,1,0,0,0,0,0
3,19,9,3,43.597500000000004,-79.54250000000009,0,2,1,0,0,0,0,0
43,55,5,2,43.797500000000106,-79.36250000000025,0,0,1,1,0,0,0,0
22,32,8,3,43.69250000000005,-79.47750000000015,0,1,1,1,0,0,0,0
14,28,3,1,43.65250000000003,-79.49750000000013,0,1,0,0,0,0,0,0
32,82,24,6,43.74250000000008,-79.22750000000038,1,1,1,1,0,2,0,0
24,78,28,7,43.70250000000006,-79.24750000000036,1,2,0,1,0,2,1,0
43,91,5,2,43.797500000000106,-79.18250000000042,0,1,0,1,0,0,0,0
17,39,8,3,43.66750000000004,-79.44250000000018,0,2,0,1,0,0,0,0
35,87,19,5,43.757500000000086,-79.2025000000004,1,1,1,1,0,1,0,0
36,52,6,2,43.76250000000009,-79.37750000000024,0,1,1,0,0,0,0,0
28,48,6,2,43.72250000000007,-79.39750000000022,0,2,0,0,0,0,0,0
29,13,8,3,43.72750000000007,-79.57250000000006,0,1,1,1,0,0,0,0
6,29,5,2,43.61250000000001,-79.49250000000013,0,1,0,1,0,0,0,0
38,98,8,3,43.77250000000009,-79.14750000000045,0,1,1,1,0,0,0,0
29,49,6,2,43.72750000000007,-79.39250000000023,0,2,0,0,0,0,0,0
21,45,34,9,43.68750000000005,-79.41250000000021,2,2,1,2,0,1,1,0
40,58,11,4,43.7825000000001,-79.34750000000027,0,2,1,1,0,0,0,0
33,19,8,3,43.74750000000008,-79.54250000000009,0,2,0,1,0,0,0,0
25,15,5,2,43.70750000000006,-79.56250000000007,0,1,0,1,0,0,0,0
39,62,0,0,43.777500000000096,-79.32750000000028,0,0,0,0,0,0,0,0
39,98,5,2,43.777500000000096,-79.14750000000045,0,0,1,1,0,0,0,0
13,46,6,2,43.64750000000003,-79.40750000000021,0,2,0,0,0,0,0,0
32,59,8,3,43.74250000000008,-79.34250000000027,0,2,0,1,0,0,0,0
24,55,0,0,43.70250000000006,-79.36250000000025,0,0,0,0,0,0,0,0
43,68,8,3,43.797500000000106,-79.29750000000031,0,2,0,1,0,0,0,0
16,51,74,18,43.66250000000004,-79.38250000000023,4,5,3,2,1,0,2,1
35,64,2,1,43.757500000000086,-79.3175000000003,0,0,0,1,0,0,0,0
36,29,9,3,43.76250000000009,-79.49250000000013,0,2,1,0,0,0,0,0
28,25,5,2,43.72250000000007,-79.51250000000012,0,0,1,1,0,0,0,0
18,11,16,4,43.67250000000004,-79.58250000000005,1,1,0,1,0,1,0,0
46,79,3,1,43.812500000000114,-79.24250000000036,0,0,1,0,0,0,0,0
17,52,64,19,43.66750000000004,-79.37750000000024,2,4,6,3,0,0,2,2
36,65,8,3,43.76250000000009,-79.3125000000003,0,2,0,1,0,0,0,0
28,61,8,3,43.72250000000007,-79.33250000000028,0,1,1,1,0,0,0,0
29,26,0,0,43.72750000000007,-79.50750000000012,0,0,0,0,0,0,0,0
21,22,19,5,43.68750000000005,-79.5275000000001,1,2,0,1,0,1,0,0
10,12,13,4,43.63250000000002,-79.57750000000006,0,2,0,1,0,1,0,0
42,81,0,0,43.7925000000001,-79.23250000000037,0,0,0,0,0,0,0,0
20,62,11,4,43.68250000000005,-79.32750000000028,0,2,1,1,0,0,0,0
25,28,6,2,43.70750000000006,-79.49750000000013,0,1,1,0,0,0,0,0
39,75,31,8,43.777500000000096,-79.26250000000034,1,3,0,1,0,2,1,0
23,67,3,1,43.697500000000055,-79.30250000000031,0,0,1,0,0,0,0,0
24,32,0,0,43.70250000000006,-79.47750000000015,0,0,0,0,0,0,0,0
43,45,8,3,43.797500000000106,-79.41250000000021,0,2,0,1,0,0,0,0
35,41,39,12,43.757500000000086,-79.43250000000019,1,5,2,2,0,0,1,1
14,18,21,6,43.65250000000003,-79.54750000000008,0,2,1,1,0,2,0,0
32,72,19,5,43.74250000000008,-79.27750000000033,1,2,0,1,0,1,0,0
45,91,5,2,43.80750000000011,-79.18250000000042,0,0,1,1,0,0,0,0
24,68,23,7,43.70250000000006,-79.29750000000031,0,3,1,1,0,1,1,0
16,64,0,0,43.66250000000004,-79.3175000000003,0,0,0,0,0,0,0,0
17,29,5,2,43.66750000000004,-79.49250000000013,0,1,0,1,0,0,0,0
36,42,38,10,43.76250000000009,-79.4275000000002,2,3,2,1,0,1,1,0
9,25,23,6,43.62750000000002,-79.51250000000012,1,1,1,1,0,1,1,0
28,38,5,2,43.72250000000007,-79.44750000000018,0,0,1,1,0,0,0,0
29,3,0,0,43.72750000000007,-79.62250000000002,0,0,0,0,0,0,0,0
6,19,11,4,43.61250000000001,-79.54250000000009,0,2,1,1,0,0,0,0
42,58,3,1,43.7925000000001,-79.34750000000027,0,0,1,0,0,0,0,0
21,35,5,2,43.68750000000005,-79.46250000000016,0,0,1,1,0,0,0,0
27,78,31,8,43.717500000000065,-79.24750000000036,1,2,1,1,0,2,1,0
33,9,6,2,43.74750000000008,-79.59250000000004,0,2,0,0,0,0,0,0
20,39,2,1,43.68250000000005,-79.44250000000018,0,0,0,1,0,0,0,0
39,52,0,0,43.777500000000096,-79.37750000000024,0,0,0,0,0,0,0,0
30,83,20,6,43.73250000000007,-79.22250000000038,0,3,0,1,0,1,1,0
31,48,5,2,43.737500000000075,-79.39750000000022,0,1,0,1,0,0,0,0
10,25,28,7,43.63250000000002,-79.51250000000012,1,2,0,1,0,2,1,0
42,94,3,1,43.7925000000001,-79.16750000000043,0,1,0,0,0,0,0,0
2,21,6,2,43.5925,-79.5325000000001,0,2,0,0,0,0,0,0
13,36,8,3,43.64750000000003,-79.45750000000017,0,2,0,1,0,0,0,0
31,84,19,5,43.737500000000075,-79.21750000000038,1,2,0,1,0,1,0,0
32,49,20,6,43.74250000000008,-79.39250000000023,1,2,2,1,0,0,0,0
24,45,27,7,43.70250000000006,-79.41250000000021,2,2,1,1,0,0,1,0
16,41,11,4,43.66250000000004,-79.43250000000019,0,2,1,1,0,0,0,0
35,54,3,1,43.757500000000086,-79.36750000000025,0,1,0,0,0,0,0,0
36,19,8,3,43.76250000000009,-79.54250000000009,0,1,1,1,0,0,0,0
28,15,6,2,43.72250000000007,-79.56250000000007,0,1,1,0,0,0,0,0
46,69,8,3,43.812500000000114,-79.29250000000032,0,2,0,1,0,0,0,0
38,65,8,3,43.77250000000009,-79.3125000000003,0,1,1,1,0,0,0,0
17,42,2,1,43.66750000000004,-79.4275000000002,0,0,0,1,0,0,0,0
49,74,3,1,43.82750000000012,-79.26750000000034,0,0,1,0,0,0,0,0
29,16,6,2,43.72750000000007,-79.55750000000008,0,1,1,0,0,0,0,0
21,12,21,6,43.68750000000005,-79.57750000000006,0,3,0,1,0,2,0,0
27,55,8,3,43.717500000000065,-79.36250000000025,0,1,1,1,0,0,0,0
39,29,6,2,43.777500000000096,-79.49250000000013,0,2,0,0,0,0,0,0
30,60,0,0,43.73250000000007,-79.33750000000028,0,0,0,0,0,0,0,0
50,75,9,3,43.832500000000124,-79.26250000000034,0,2,1,0,0,0,0,0
42,71,3,1,43.7925000000001,-79.28250000000033,0,0,1,0,0,0,0,0
20,52,3,1,43.68250000000005,-79.37750000000024,0,0,1,0,0,0,0,0
39,65,8,3,43.777500000000096,-79.3125000000003,0,2,0,1,0,0,0,0
12,48,76,21,43.64250000000003,-79.39750000000022,2,8,4,3,1,0,2,1
13,13,24,6,43.64750000000003,-79.57250000000006,1,1,1,1,0,2,0,0
32,26,2,1,43.74250000000008,-79.50750000000012,0,0,0,1,0,0,0,0
23,57,11,4,43.697500000000055,-79.35250000000026,0,2,1,1,0,0,0,0
24,22,8,3,43.70250000000006,-79.5275000000001,0,1,1,1,0,0,0,0
16,18,23,6,43.66250000000004,-79.54750000000008,1,2,0,1,0,1,1,0
35,31,5,2,43.757500000000086,-79.48250000000014,0,1,0,1,0,0,0,0
34,72,25,7,43.75250000000008,-79.27750000000033,0,3,0,1,0,2,1,0
13,49,81,23,43.64750000000003,-79.39250000000023,4,8,5,3,0,0,2,1
45,81,5,2,43.80750000000011,-79.23250000000037,0,1,0,1,0,0,0,0
37,77,24,6,43.76750000000009,-79.25250000000035,1,2,0,1,0,2,0,0
16,54,60,18,43.66250000000004,-79.36750000000025,2,5,5,3,0,0,1,2
17,19,24,6,43.66750000000004,-79.54250000000009,1,1,1,1,0,2,0,0
36,32,3,1,43.76250000000009,-79.47750000000015,0,1,0,0,0,0,0,0
9,15,23,6,43.62750000000002,-79.56250000000007,1,2,0,1,0,1,1,0
28,28,3,1,43.72250000000007,-79.49750000000013,0,0,1,0,0,0,0,0
26,67,5,2,43.71250000000006,-79.30250000000031,0,0,1,1,0,0,0,0
46,82,11,4,43.812500000000114,-79.22750000000038,0,2,1,1,0,0,0,0
38,78,18,5,43.77250000000009,-79.24750000000036,0,2,0,1,0,2,0,0
42,48,3,1,43.7925000000001,-79.39750000000022,0,1,0,0,0,0,0,0
27,68,16,4,43.717500000000065,-79.29750000000031,1,1,0,1,0,1,0,0
19,64,3,1,43.677500000000045,-79.3175000000003,0,1,0,0,0,0,0,0
20,29,2,1,43.68250000000005,-79.49250000000013,0,0,0,1,0,0,0,0
39,42,38,10,43.777500000000096,-79.4275000000002,2,2,3,1,0,1,0,1
12,25,18,5,43.64250000000003,-79.51250000000012,0,2,0,1,0,2,0,0
30,73,17,5,43.73250000000007,-79.27250000000033,0,1,1,1,0,1,1,0
31,38,6,2,43.737500000000075,-79.44750000000018,0,2,0,0,0,0,0,0
23,34,5,2,43.697500000000055,-79.46750000000016,0,1,0,1,0,0,0,0
35,8,3,1,43.757500000000086,-79.59750000000004,0,1,0,0,0,0,0,0
33,84,14,4,43.74750000000008,-79.21750000000038,0,1,0,1,0,1,1,0
13,26,28,7,43.64750000000003,-79.50750000000012,1,2,0,1,0,2,1,0
44,93,8,3,43.80250000000011,-79.17250000000043,0,1,1,1,0,0,0,0
32,39,27,8,43.74250000000008,-79.44250000000018,1,2,2,2,0,1,0,0
24,35,8,3,43.70250000000006,-79.46250000000016,0,2,0,1,0,0,0,0
16,31,2,1,43.66250000000004,-79.48250000000014,0,0,0,1,0,0,0,0
35,44,36,10,43.757500000000086,-79.4175000000002,1,4,1,1,0,1,1,1
22,74,3,1,43.69250000000005,-79.26750000000034,0,0,1,0,0,0,0,0
28,5,5,2,43.72250000000007,-79.61250000000003,0,0,1,1,0,0,0,0
45,94,5,2,43.80750000000011,-79.16750000000043,0,1,0,1,0,0,0,0
5,21,3,1,43.60750000000001,-79.5325000000001,0,0,1,0,0,0,0,0
37,90,8,3,43.76750000000009,-79.18750000000041,0,1,1,1,0,0,0,0
38,55,11,4,43.77250000000009,-79.36250000000025,0,2,1,1,0,0,0,0
9,28,3,1,43.62750000000002,-79.49750000000013,0,1,0,0,0,0,0,0
8,32,5,2,43.62250000000002,-79.47750000000015,0,1,0,1,0,0,0,0
26,80,31,8,43.71250000000006,-79.23750000000037,1,2,1,1,0,2,1,0
27,45,17,5,43.717500000000065,-79.41250000000021,1,2,1,1,0,0,0,0
19,41,8,3,43.677500000000045,-79.43250000000019,0,1,1,1,0,0,0,0
11,37,2,1,43.637500000000024,-79.45250000000017,0,0,0,1,0,0,0,0
31,15,5,2,43.737500000000075,-79.56250000000007,0,0,1,1,0,0,0,0
42,61,11,4,43.7925000000001,-79.33250000000028,0,2,1,1,0,0,0,0
40,100,2,1,43.7825000000001,-79.13750000000046,0,0,0,1,0,0,0,0
20,42,11,4,43.68250000000005,-79.4275000000002,0,2,1,1,0,0,0,0
12,38,5,2,43.64250000000003,-79.44750000000018,0,0,1,1,0,0,0,0
31,51,2,1,43.737500000000075,-79.38250000000023,0,0,0,1,0,0,0,0
32,16,5,2,43.74250000000008,-79.55750000000008,0,0,1,1,0,0,0,0
23,47,38,11,43.697500000000055,-79.40250000000022,2,3,3,2,0,0,0,1
24,12,8,3,43.70250000000006,-79.57750000000006,0,1,1,1,0,0,0,0
35,21,5,2,43.757500000000086,-79.5325000000001,0,0,1,1,0,0,0,0
41,101,2,1,43.7875000000001,-79.13250000000046,0,0,0,1,0,0,0,0
34,62,3,1,43.75250000000008,-79.32750000000028,0,0,1,0,0,0,0,0
45,71,3,1,43.80750000000011,-79.28250000000033,0,0,1,0,0,0,0,0
37,67,0,0,43.76750000000009,-79.30250000000031,0,0,0,0,0,0,0,0
28,18,8,3,43.72250000000007,-79.54750000000008,0,2,0,1,0,0,0,0
15,48,67,19,43.657500000000034,-79.39750000000022,3,5,6,2,0,0,2,1
26,57,3,1,43.71250000000006,-79.35250000000026,0,1,0,0,0,0,0,0
27,22,6,2,43.717500000000065,-79.5275000000001,0,1,1,0,0,0,0,0
18,53,6,2,43.67250000000004,-79.37250000000024,0,1,1,0,0,0,0,0
38,68,21,6,43.77250000000009,-79.29750000000031,0,2,1,1,0,2,0,0
30,27,11,4,43.73250000000007,-79.50250000000013,0,2,1,1,0,0,0,0
42,38,8,3,43.7925000000001,-79.44750000000018,0,1,1,1,0,0,0,0
48,81,5,2,43.82250000000012,-79.23250000000037,0,1,0,1,0,0,0,0
19,54,11,4,43.677500000000045,-79.36750000000025,0,2,1,1,0,0,0,0
20,19,20,6,43.68250000000005,-79.54250000000009,0,3,0,1,0,1,1,0
11,50,84,21,43.637500000000024,-79.38750000000023,4,5,5,2,1,0,2,2
39,32,5,2,43.777500000000096,-79.47750000000015,0,1,0,1,0,0,0,0
30,63,2,1,43.73250000000007,-79.32250000000029,0,0,0,1,0,0,0,0
31,28,3,1,43.737500000000075,-79.49750000000013,0,0,1,0,0,0,0,0
12,15,28,7,43.64250000000003,-79.56250000000007,1,1,1,1,0,2,1,0
23,24,19,5,43.697500000000055,-79.51750000000011,1,1,1,1,0,1,0,0
41,78,3,1,43.7875000000001,-79.24750000000036,0,0,1,0,0,0,0,0
34,39,30,9,43.75250000000008,-79.44250000000018,1,2,2,2,0,0,1,1
13,16,23,7,43.64750000000003,-79.55750000000008,0,3,1,1,0,1,1,0
25,70,25,6,43.70750000000006,-79.28750000000032,1,1,0,1,0,2,1,0
44,83,5,2,43.80250000000011,-79.22250000000038,0,1,0,1,0,0,0,0
24,25,11,4,43.70250000000006,-79.51250000000012,0,2,1,1,0,0,0,0
37,44,33,10,43.76750000000009,-79.4175000000002,1,4,2,2,0,1,0,0
16,21,20,6,43.66250000000004,-79.5325000000001,0,3,0,1,0,1,1,0
22,64,5,2,43.69250000000005,-79.3175000000003,0,1,0,1,0,0,0,0
14,60,5,2,43.65250000000003,-79.33750000000028,0,1,0,1,0,0,0,0
34,75,19,6,43.75250000000008,-79.26250000000034,0,3,1,1,0,1,0,0
26,34,6,2,43.71250000000006,-79.46750000000016,0,2,0,0,0,0,0,0
37,80,19,5,43.76750000000009,-79.23750000000037,0,1,0,1,0,2,1,0
38,45,46,13,43.77250000000009,-79.41250000000021,2,4,3,2,0,1,1,0
15,61,9,3,43.657500000000034,-79.33250000000028,0,2,1,0,0,0,0,0
8,22,24,7,43.62250000000002,-79.5275000000001,0,3,1,1,0,2,0,0
26,70,24,6,43.71250000000006,-79.28750000000032,1,2,0,1,0,2,0,0
27,35,3,1,43.717500000000065,-79.46250000000016,0,0,1,0,0,0,0,0
18,66,6,2,43.67250000000004,-79.3075000000003,0,1,1,0,0,0,0,0
19,31,6,2,43.677500000000045,-79.48250000000014,0,2,0,0,0,0,0,0
11,27,22,6,43.637500000000024,-79.50250000000013,1,2,1,1,0,1,0,0
30,40,3,1,43.73250000000007,-79.43750000000018,0,0,1,0,0,0,0,0
31,5,5,2,43.737500000000075,-79.61250000000003,0,1,0,1,0,0,0,0
29,81,31,8,43.72750000000007,-79.23250000000037,1,3,0,1,0,2,1,0
41,55,8,3,43.7875000000001,-79.36250000000025,0,2,0,1,0,0,0,0
20,32,11,4,43.68250000000005,-79.47750000000015,0,2,1,1,0,0,0,0
33,51,25,7,43.74750000000008,-79.38250000000023,1,2,1,1,0,0,1,1
12,28,0,0,43.64250000000003,-79.49750000000013,0,0,0,0,0,0,0,0
44,60,3,1,43.80250000000011,-79.33750000000028,0,1,0,0,0,0,0,0
32,6,0,0,43.74250000000008,-79.60750000000003,0,0,0,0,0,0,0,0
23,37,6,2,43.697500000000055,-79.45250000000017,0,2,0,0,0,0,0,0
4,24,8,3,43.602500000000006,-79.51750000000011,0,2,0,1,0,0,0,0
35,11,8,3,43.757500000000086,-79.58250000000005,0,1,1,1,0,0,0,0
22,41,6,2,43.69250000000005,-79.43250000000019,0,1,1,0,0,0,0,0
1,18,2,1,43.5875,-79.54750000000008,0,0,0,1,0,0,0,0
33,87,20,6,43.74750000000008,-79.2025000000004,0,2,1,1,0,1,1,0
34,52,0,0,43.75250000000008,-79.37750000000024,0,0,0,0,0,0,0,0
44,96,3,1,43.80250000000011,-79.15750000000044,0,0,1,0,0,0,0,0
45,61,2,1,43.80750000000011,-79.33250000000028,0,0,0,1,0,0,0,0
37,57,2,1,43.76750000000009,-79.35250000000026,0,0,0,1,0,0,0,0
38,22,8,3,43.77250000000009,-79.5275000000001,0,1,1,1,0,0,0,0
43,100,3,1,43.797500000000106,-79.13750000000046,0,0,1,0,0,0,0,0
15,38,11,4,43.657500000000034,-79.44750000000018,0,2,1,1,0,0,0,0
26,47,24,7,43.71250000000006,-79.40250000000022,1,3,1,1,0,0,1,0
27,12,0,0,43.717500000000065,-79.57750000000006,0,0,0,0,0,0,0,0
18,43,0,0,43.67250000000004,-79.4225000000002,0,0,0,0,0,0,0,0
36,97,3,1,43.76250000000009,-79.15250000000044,0,0,1,0,0,0,0,0
29,58,6,2,43.72750000000007,-79.34750000000027,0,2,0,0,0,0,0,0
48,71,2,1,43.82250000000012,-79.28250000000033,0,0,0,1,0,0,0,0
40,67,9,3,43.7825000000001,-79.30250000000031,0,2,1,0,0,0,0,0
19,44,37,11,43.677500000000045,-79.4175000000002,1,5,1,2,0,1,0,1
20,9,25,7,43.68250000000005,-79.59250000000004,1,3,1,1,0,1,0,0
11,40,8,3,43.637500000000024,-79.43750000000018,0,2,0,1,0,0,0,0
31,18,8,3,43.737500000000075,-79.54750000000008,0,2,0,1,0,0,0,0
23,14,22,6,43.697500000000055,-79.56750000000007,0,1,1,1,0,2,1,0
33,64,6,2,43.74750000000008,-79.3175000000003,0,1,1,0,0,0,0,0
34,29,2,1,43.75250000000008,-79.49250000000013,0,0,0,1,0,0,0,0
25,60,2,1,43.70750000000006,-79.33750000000028,0,0,0,1,0,0,0,0
44,73,9,3,43.80250000000011,-79.27250000000033,0,2,1,0,0,0,0,0
37,34,5,2,43.76750000000009,-79.46750000000016,0,0,1,1,0,0,0,0
22,54,3,1,43.69250000000005,-79.36750000000025,0,1,0,0,0,0,0,0
14,50,62,18,43.65250000000003,-79.38750000000023,2,5,5,2,0,0,2,2
15,15,28,8,43.657500000000034,-79.56250000000007,0,3,1,1,0,2,1,0
26,24,2,1,43.71250000000006,-79.51750000000011,0,0,0,1,0,0,0,0
18,20,18,5,43.67250000000004,-79.5375000000001,0,2,0,1,0,2,0,0
38,35,5,2,43.77250000000009,-79.46250000000016,0,0,1,1,0,0,0,0
36,74,15,4,43.76250000000009,-79.26750000000034,0,1,0,1,0,2,0,0
15,51,79,20,43.657500000000034,-79.38250000000023,3,7,4,1,1,0,2,2
28,70,24,6,43.72250000000007,-79.28750000000032,1,1,1,1,0,2,0,0
47,83,5,2,43.817500000000116,-79.22250000000038,0,1,0,1,0,0,0,0
27,25,2,1,43.717500000000065,-79.51250000000012,0,0,0,1,0,0,0,0
18,56,3,1,43.67250000000004,-79.35750000000026,0,1,0,0,0,0,0,0
19,21,15,4,43.677500000000045,-79.5325000000001,0,1,0,1,0,2,0,0
11,17,22,6,43.637500000000024,-79.55250000000008,0,2,0,1,0,2,1,0
30,30,8,3,43.73250000000007,-79.48750000000014,0,1,1,1,0,0,0,0
29,71,24,7,43.72750000000007,-79.28250000000033,0,3,1,1,0,2,0,0
48,84,6,2,43.82250000000012,-79.21750000000038,0,1,1,0,0,0,0,0
21,67,5,2,43.68750000000005,-79.30250000000031,0,0,1,1,0,0,0,0
40,80,2,1,43.7825000000001,-79.23750000000037,0,0,0,1,0,0,0,0
41,45,3,1,43.7875000000001,-79.41250000000021,0,1,0,0,0,0,0,0
33,41,34,11,43.74750000000008,-79.43250000000019,1,5,3,2,0,0,0,0
25,37,11,4,43.70750000000006,-79.45250000000017,0,2,1,1,0,0,0,0
44,50,3,1,43.80250000000011,-79.38750000000023,0,0,1,0,0,0,0,0
22,31,0,0,43.69250000000005,-79.48250000000014,0,0,0,0,0,0,0,0
25,73,27,7,43.70750000000006,-79.27250000000033,1,3,0,1,0,2,0,0
45,51,8,3,43.80750000000011,-79.38250000000023,0,2,0,1,0,0,0,0
32,81,21,6,43.74250000000008,-79.23250000000037,0,3,0,1,0,2,0,0
37,47,40,12,43.76750000000009,-79.40250000000022,1,5,2,2,0,1,1,0
24,77,20,5,43.70250000000006,-79.25250000000035,1,1,0,1,0,1,1,0
43,90,11,4,43.797500000000106,-79.18750000000041,0,2,1,1,0,0,0,0
14,63,6,2,43.65250000000003,-79.32250000000029,0,1,1,0,0,0,0,0
15,28,3,1,43.657500000000034,-79.49750000000013,0,0,1,0,0,0,0,0
7,24,3,1,43.617500000000014,-79.51750000000011,0,1,0,0,0,0,0,0
26,37,9,3,43.71250000000006,-79.45250000000017,0,2,1,0,0,0,0,0
18,33,2,1,43.67250000000004,-79.47250000000015,0,0,0,1,0,0,0,0
30,7,8,3,43.73250000000007,-79.60250000000003,0,1,1,1,0,0,0,0
36,87,26,7,43.76250000000009,-79.2025000000004,1,2,1,1,0,1,1,0
29,48,5,2,43.72750000000007,-79.39750000000022,0,1,0,1,0,0,0,0
21,44,25,8,43.68750000000005,-79.4175000000002,1,2,3,2,0,0,0,0
11,30,6,2,43.637500000000024,-79.48750000000014,0,1,1,0,0,0,0,0
10,34,5,2,43.63250000000002,-79.46750000000016,0,0,1,1,0,0,0,0
41,58,8,3,43.7875000000001,-79.34750000000027,0,2,0,1,0,0,0,0
33,54,8,3,43.74750000000008,-79.36750000000025,0,1,1,1,0,0,0,0
34,19,9,3,43.75250000000008,-79.54250000000009,0,2,1,0,0,0,0,0
25,50,32,9,43.70750000000006,-79.38750000000023,2,2,2,2,0,0,0,1
44,63,8,3,43.80250000000011,-79.32250000000029,0,1,1,1,0,0,0,0
39,97,2,1,43.777500000000096,-79.15250000000044,0,0,0,1,0,0,0,0
37,24,0,0,43.76750000000009,-79.51750000000011,0,0,0,0,0,0,0,0
43,67,3,1,43.797500000000106,-79.30250000000031,0,0,1,0,0,0,0,0
22,44,39,10,43.69250000000005,-79.4175000000002,2,2,2,1,0,1,1,1
14,40,8,3,43.65250000000003,-79.43750000000018,0,1,1,1,0,0,0,0
26,14,6,2,43.71250000000006,-79.56750000000007,0,1,1,0,0,0,0,0
17,51,81,23,43.66750000000004,-79.38250000000023,4,7,6,3,0,0,1,2
36,64,11,4,43.76250000000009,-79.3175000000003,0,2,1,1,0,0,0,0
28,60,5,2,43.72250000000007,-79.33750000000028,0,0,1,1,0,0,0,0
47,73,6,2,43.817500000000116,-79.27250000000033,0,1,1,0,0,0,0,0
40,34,11,4,43.7825000000001,-79.46750000000016,0,2,1,1,0,0,0,0
19,11,18,5,43.677500000000045,-79.58250000000005,0,1,1,1,0,2,0,0
29,61,0,0,43.72750000000007,-79.33250000000028,0,0,0,0,0,0,0,0
21,57,5,2,43.68750000000005,-79.35250000000026,0,1,0,1,0,0,0,0
40,70,2,1,43.7825000000001,-79.28750000000032,0,0,0,1,0,0,0,0
41,35,6,2,43.7875000000001,-79.46250000000016,0,2,0,0,0,0,0,0
33,31,5,2,43.74750000000008,-79.48250000000014,0,0,1,1,0,0,0,0
25,27,0,0,43.70750000000006,-79.50250000000013,0,0,0,0,0,0,0,0
10,47,8,3,43.63250000000002,-79.40250000000022,0,1,1,1,0,0,0,0
22,21,26,7,43.69250000000005,-79.5325000000001,1,3,0,1,0,1,1,0
14,17,16,5,43.65250000000003,-79.55250000000008,0,2,1,1,0,1,0,0
32,71,16,5,43.74250000000008,-79.28250000000033,0,2,1,1,0,1,0,0
24,67,5,2,43.70250000000006,-79.30250000000031,0,0,1,1,0,0,0,0
43,80,6,2,43.797500000000106,-79.23750000000037,0,2,0,0,0,0,0,0
16,63,5,2,43.66250000000004,-79.32250000000029,0,0,1,1,0,0,0,0
35,76,19,5,43.757500000000086,-79.25750000000035,1,1,1,1,0,1,0,0
15,18,20,6,43.657500000000034,-79.54750000000008,0,3,0,1,0,1,1,0
18,23,16,5,43.67250000000004,-79.52250000000011,0,2,1,1,0,1,0,0
46,91,3,1,43.812500000000114,-79.18250000000042,0,0,1,0,0,0,0,0
17,64,2,1,43.66750000000004,-79.3175000000003,0,0,0,1,0,0,0,0
36,77,28,7,43.76250000000009,-79.25250000000035,1,1,1,1,0,2,1,0
28,73,23,6,43.72250000000007,-79.27250000000033,1,2,0,1,0,1,1,0
21,34,8,3,43.68750000000005,-79.46750000000016,0,2,0,1,0,0,0,0
40,47,5,2,43.7825000000001,-79.40250000000022,0,0,1,1,0,0,0,0
33,8,5,2,43.74750000000008,-79.59750000000004,0,0,1,1,0,0,0,0
10,24,25,6,43.63250000000002,-79.51750000000011,1,1,0,1,0,2,1,0
42,93,3,1,43.7925000000001,-79.17250000000043,0,0,1,0,0,0,0,0
2,20,8,3,43.5925,-79.5375000000001,0,1,1,1,0,0,0,0
34,9,8,3,43.75250000000008,-79.59250000000004,0,1,1,1,0,0,0,0
25,40,6,2,43.70750000000006,-79.43750000000018,0,2,0,0,0,0,0,0
20,74,8,3,43.68250000000005,-79.26750000000034,0,1,1,1,0,0,0,0
39,87,24,6,43.777500000000096,-79.2025000000004,1,2,0,1,0,2,0,0
31,83,16,5,43.737500000000075,-79.22250000000038,0,2,1,1,0,1,0,0
32,48,49,14,43.74250000000008,-79.39750000000022,2,5,3,2,0,1,1,0
3,21,2,1,43.597500000000004,-79.5325000000001,0,0,0,1,0,0,0,0
43,57,3,1,43.797500000000106,-79.35250000000026,0,1,0,0,0,0,0,0
35,53,9,3,43.757500000000086,-79.37250000000024,0,2,1,0,0,0,0,0
32,84,21,6,43.74250000000008,-79.21750000000038,0,2,1,1,0,2,0,0
17,41,9,3,43.66750000000004,-79.43250000000019,0,2,1,0,0,0,0,0
35,89,5,2,43.757500000000086,-79.19250000000041,0,0,1,1,0,0,0,0
36,54,3,1,43.76250000000009,-79.36750000000025,0,1,0,0,0,0,0,0
28,50,5,2,43.72250000000007,-79.38750000000023,0,1,0,1,0,0,0,0
29,15,0,0,43.72750000000007,-79.56250000000007,0,0,0,0,0,0,0,0
47,63,5,2,43.817500000000116,-79.32250000000029,0,1,0,1,0,0,0,0
21,11,16,5,43.68750000000005,-79.58250000000005,0,3,0,1,0,1,0,0
38,100,0,0,43.77250000000009,-79.13750000000046,0,0,0,0,0,0,0,0
50,74,3,1,43.832500000000124,-79.26750000000034,0,0,1,0,0,0,0,0
29,51,9,3,43.72750000000007,-79.38250000000023,0,2,1,0,0,0,0,0
42,70,9,3,43.7925000000001,-79.28750000000032,0,2,1,0,0,0,0,0
21,47,30,8,43.68750000000005,-79.40250000000022,1,2,1,1,0,1,1,1
33,21,6,2,43.74750000000008,-79.5325000000001,0,2,0,0,0,0,0,0
25,17,3,1,43.70750000000006,-79.55250000000008,0,1,0,0,0,0,0,0
39,64,8,3,43.777500000000096,-79.3175000000003,0,1,1,1,0,0,0,0
31,60,6,2,43.737500000000075,-79.33750000000028,0,1,1,0,0,0,0,0
22,11,25,6,43.69250000000005,-79.58250000000005,1,1,0,1,0,2,1,0
14,7,5,2,43.65250000000003,-79.60250000000003,0,0,1,1,0,0,0,0
13,48,77,20,43.64750000000003,-79.39750000000022,3,6,3,3,1,0,2,2
32,61,11,4,43.74250000000008,-79.33250000000028,0,2,1,1,0,0,0,0
24,57,9,3,43.70250000000006,-79.35250000000026,0,2,1,0,0,0,0,0
43,70,6,2,43.797500000000106,-79.28750000000032,0,2,0,0,0,0,0,0
16,53,86,24,43.66250000000004,-79.37250000000024,4,8,6,2,0,0,2,2
35,66,5,2,43.757500000000086,-79.3075000000003,0,1,0,1,0,0,0,0
36,31,2,1,43.76250000000009,-79.48250000000014,0,0,0,1,0,0,0,0
28,27,3,1,43.72250000000007,-79.50250000000013,0,1,0,0,0,0,0,0
46,81,5,2,43.812500000000114,-79.23250000000037,0,0,1,1,0,0,0,0
38,77,23,6,43.77250000000009,-79.25250000000035,1,2,0,1,0,1,1,0
17,54,72,19,43.66750000000004,-79.36750000000025,2,6,6,1,1,0,2,1
28,63,5,2,43.72250000000007,-79.32250000000029,0,1,0,1,0,0,0,0
29,28,6,2,43.72750000000007,-79.49750000000013,0,2,0,0,0,0,0,0
21,24,22,6,43.68750000000005,-79.51750000000011,1,3,0,1,0,1,0,0
40,37,11,4,43.7825000000001,-79.45250000000017,0,2,1,1,0,0,0,0
27,67,8,3,43.717500000000065,-79.30250000000031,0,1,1,1,0,0,0,0
30,72,19,5,43.73250000000007,-79.27750000000033,1,1,1,1,0,1,0,0
10,14,22,6,43.63250000000002,-79.56750000000007,1,3,0,1,0,1,0,0
20,64,8,3,43.68250000000005,-79.3175000000003,0,1,1,1,0,0,0,0
39,77,27,7,43.777500000000096,-79.25250000000035,1,2,1,1,0,2,0,0
13,25,22,6,43.64750000000003,-79.51250000000012,1,3,0,1,0,1,0,0
31,73,30,8,43.737500000000075,-79.27250000000033,1,3,1,1,0,2,0,0
32,38,40,11,43.74250000000008,-79.44750000000018,2,2,3,2,0,1,0,1
23,69,8,3,43.697500000000055,-79.29250000000032,0,2,0,1,0,0,0,0
24,34,8,3,43.70250000000006,-79.46750000000016,0,1,1,1,0,0,0,0
43,47,5,2,43.797500000000106,-79.40250000000022,0,1,0,1,0,0,0,0
35,43,38,12,43.757500000000086,-79.4225000000002,1,5,3,2,0,0,1,0
45,93,6,2,43.80750000000011,-79.17250000000043,0,2,0,0,0,0,0,0
5,20,2,1,43.60750000000001,-79.5375000000001,0,0,0,1,0,0,0,0
24,70,25,7,43.70250000000006,-79.28750000000032,0,2,1,1,0,2,1,0
37,89,3,1,43.76750000000009,-79.19250000000041,0,1,0,0,0,0,0,0
16,66,9,3,43.66250000000004,-79.3075000000003,0,2,1,0,0,0,0,0
17,31,0,0,43.66750000000004,-79.48250000000014,0,0,0,0,0,0,0,0
36,44,41,12,43.76250000000009,-79.4175000000002,1,5,1,2,0,1,1,1
9,27,20,5,43.62750000000002,-79.50250000000013,1,1,0,1,0,1,1,0
28,40,2,1,43.72250000000007,-79.43750000000018,0,0,0,1,0,0,0,0
26,79,26,7,43.71250000000006,-79.24250000000036,1,2,1,1,0,1,1,0
6,21,2,1,43.61250000000001,-79.5325000000001,0,0,0,1,0,0,0,0
38,90,11,4,43.77250000000009,-79.18750000000041,0,2,1,1,0,0,0,0
42,60,2,1,43.7925000000001,-79.33750000000028,0,0,0,1,0,0,0,0
27,80,28,7,43.717500000000065,-79.23750000000037,1,2,0,1,0,2,1,0
33,11,8,3,43.74750000000008,-79.58250000000005,0,1,1,1,0,0,0,0
20,41,5,2,43.68250000000005,-79.43250000000019,0,0,1,1,0,0,0,0
39,54,6,2,43.777500000000096,-79.36750000000025,0,1,1,0,0,0,0,0
30,85,24,7,43.73250000000007,-79.21250000000039,0,3,1,1,0,2,0,0
23,46,28,9,43.697500000000055,-79.40750000000021,1,4,2,2,0,0,0,0
2,23,3,1,43.5925,-79.52250000000011,0,1,0,0,0,0,0,0
41,100,9,3,43.7875000000001,-79.13750000000046,0,2,1,0,0,0,0,0
13,38,6,2,43.64750000000003,-79.44750000000018,0,2,0,0,0,0,0,0
32,51,36,10,43.74250000000008,-79.38250000000023,2,2,2,2,0,0,1,1
24,47,45,13,43.70250000000006,-79.40250000000022,2,4,3,2,0,0,1,1
16,43,3,1,43.66250000000004,-79.4225000000002,0,0,1,0,0,0,0,0
36,21,9,3,43.76250000000009,-79.5325000000001,0,2,1,0,0,0,0,0
28,17,11,4,43.72250000000007,-79.55250000000008,0,2,1,1,0,0,0,0
46,71,2,1,43.812500000000114,-79.28250000000033,0,0,0,1,0,0,0,0
38,67,6,2,43.77250000000009,-79.30250000000031,0,2,0,0,0,0,0,0
49,76,6,2,43.82750000000012,-79.25750000000035,0,2,0,0,0,0,0,0
29,18,5,2,43.72750000000007,-79.54750000000008,0,0,1,1,0,0,0,0
21,14,16,4,43.68750000000005,-79.56750000000007,1,1,0,1,0,1,0,0
27,57,2,1,43.717500000000065,-79.35250000000026,0,0,0,1,0,0,0,0
19,53,8,3,43.677500000000045,-79.37250000000024,0,2,0,1,0,0,0,0
39,31,6,2,43.777500000000096,-79.48250000000014,0,2,0,0,0,0,0,0
31,27,8,3,43.737500000000075,-79.50250000000013,0,2,0,1,0,0,0,0
50,77,8,3,43.832500000000124,-79.25250000000035,0,1,1,1,0,0,0,0
42,73,5,2,43.7925000000001,-79.27250000000033,0,0,1,1,0,0,0,0
20,54,8,3,43.68250000000005,-79.36750000000025,0,2,0,1,0,0,0,0
39,67,9,3,43.777500000000096,-79.30250000000031,0,2,1,0,0,0,0,0
12,50,68,18,43.64250000000003,-79.38750000000023,2,4,6,2,1,0,2,1
13,15,21,5,43.64750000000003,-79.56250000000007,1,1,0,1,0,2,0,0
32,28,9,3,43.74250000000008,-79.49750000000013,0,2,1,0,0,0,0,0
24,24,5,2,43.70250000000006,-79.51750000000011,0,0,1,1,0,0,0,0
16,20,19,6,43.66250000000004,-79.5375000000001,0,3,1,1,0,1,0,0
35,33,9,3,43.757500000000086,-79.47250000000015,0,2,1,0,0,0,0,0
34,74,25,7,43.75250000000008,-79.26750000000034,0,3,0,1,0,2,1,0
45,83,3,1,43.80750000000011,-79.22250000000038,0,1,0,0,0,0,0,0
37,79,23,6,43.76750000000009,-79.24250000000036,1,1,1,1,0,1,1,0
38,44,28,9,43.77250000000009,-79.4175000000002,1,5,1,2,0,0,0,0
17,21,24,7,43.66750000000004,-79.5325000000001,0,3,1,1,0,2,0,0
15,60,11,4,43.657500000000034,-79.33750000000028,0,2,1,1,0,0,0,0
26,69,23,6,43.71250000000006,-79.29250000000032,1,2,0,1,0,1,1,0
27,34,5,2,43.717500000000065,-79.46750000000016,0,1,0,1,0,0,0,0
46,84,6,2,43.812500000000114,-79.21750000000038,0,2,0,0,0,0,0,0
18,65,3,1,43.67250000000004,-79.3125000000003,0,0,1,0,0,0,0,0
38,80,22,6,43.77250000000009,-79.23750000000037,1,2,1,1,0,1,0,0
30,39,6,2,43.73250000000007,-79.44250000000018,0,1,1,0,0,0,0,0
42,50,6,2,43.7925000000001,-79.38750000000023,0,2,0,0,0,0,0,0
27,70,21,5,43.717500000000065,-79.28750000000032,1,1,0,1,0,2,0,0
19,66,0,0,43.677500000000045,-79.3075000000003,0,0,0,0,0,0,0,0
20,31,2,1,43.68250000000005,-79.48250000000014,0,0,0,1,0,0,0,0
39,44,31,9,43.777500000000096,-79.4175000000002,1,2,2,2,0,1,0,1
12,27,25,7,43.64250000000003,-79.50250000000013,0,3,0,1,0,2,1,0
30,75,19,5,43.73250000000007,-79.26250000000034,1,2,0,1,0,1,0,0
31,40,11,4,43.737500000000075,-79.43750000000018,0,2,1,1,0,0,0,0
32,5,5,2,43.74250000000008,-79.61250000000003,0,0,1,1,0,0,0,0
4,23,2,1,43.602500000000006,-79.52250000000011,0,0,0,1,0,0,0,0
23,36,0,0,43.697500000000055,-79.45750000000017,0,0,0,0,0,0,0,0
35,10,8,3,43.757500000000086,-79.58750000000005,0,2,0,1,0,0,0,0
41,90,6,2,43.7875000000001,-79.18750000000041,0,1,1,0,0,0,0,0
33,86,25,7,43.74750000000008,-79.2075000000004,0,2,1,1,0,2,1,0
13,28,3,1,43.64750000000003,-79.49750000000013,0,1,0,0,0,0,0,0
44,95,2,1,43.80250000000011,-79.16250000000043,0,0,0,1,0,0,0,0
45,60,11,4,43.80750000000011,-79.33750000000028,0,2,1,1,0,0,0,0
24,37,5,2,43.70250000000006,-79.45250000000017,0,1,0,1,0,0,0,0
16,33,2,1,43.66250000000004,-79.47250000000015,0,0,0,1,0,0,0,0
28,7,6,2,43.72250000000007,-79.60250000000003,0,1,1,0,0,0,0,0
34,87,30,8,43.75250000000008,-79.2025000000004,1,3,1,1,0,2,0,0
46,61,0,0,43.812500000000114,-79.33250000000028,0,0,0,0,0,0,0,0
5,23,2,1,43.60750000000001,-79.52250000000011,0,0,0,1,0,0,0,0
37,92,5,2,43.76750000000009,-79.17750000000042,0,1,0,1,0,0,0,0
38,57,5,2,43.77250000000009,-79.35250000000026,0,0,1,1,0,0,0,0
27,47,23,7,43.717500000000065,-79.40250000000022,1,2,1,2,0,0,1,0
19,43,6,2,43.677500000000045,-79.4225000000002,0,1,1,0,0,0,0,0
20,8,19,5,43.68250000000005,-79.59750000000004,1,1,1,1,0,1,0,0
11,39,2,1,43.637500000000024,-79.44250000000018,0,0,0,1,0,0,0,0
31,17,6,2,43.737500000000075,-79.55250000000008,0,1,1,0,0,0,0,0
23,13,23,6,43.697500000000055,-79.57250000000006,1,2,0,1,0,1,1,0
40,102,0,0,43.7825000000001,-79.12750000000047,0,0,0,0,0,0,0,0
41,67,3,1,43.7875000000001,-79.30250000000031,0,0,1,0,0,0,0,0
20,44,29,9,43.68250000000005,-79.4175000000002,1,4,3,1,0,0,0,0
12,40,9,3,43.64250000000003,-79.43750000000018,0,2,1,0,0,0,0,0
44,72,6,2,43.80250000000011,-79.27750000000033,0,2,0,0,0,0,0,0
32,18,3,1,43.74250000000008,-79.54750000000008,0,1,0,0,0,0,0,0
23,49,49,14,43.697500000000055,-79.39250000000023,2,5,3,2,0,1,1,0
24,14,2,1,43.70250000000006,-79.56750000000007,0,0,0,1,0,0,0,0
16,10,15,4,43.66250000000004,-79.58750000000005,0,1,0,1,0,2,0,0
35,23,5,2,43.757500000000086,-79.52250000000011,0,1,0,1,0,0,0,0
34,64,2,1,43.75250000000008,-79.3175000000003,0,0,0,1,0,0,0,0
45,73,9,3,43.80750000000011,-79.27250000000033,0,2,1,0,0,0,0,0
37,69,20,6,43.76750000000009,-79.29250000000032,0,3,0,1,0,1,1,0
38,34,8,3,43.77250000000009,-79.46750000000016,0,1,1,1,0,0,0,0
17,11,23,6,43.66750000000004,-79.58250000000005,1,2,0,1,0,1,1,0
15,50,89,24,43.657500000000034,-79.38750000000023,3,8,5,3,1,0,2,2
27,24,2,1,43.717500000000065,-79.51750000000011,0,0,0,1,0,0,0,0
18,55,3,1,43.67250000000004,-79.36250000000025,0,1,0,0,0,0,0,0
19,20,19,6,43.677500000000045,-79.5375000000001,0,3,1,1,0,1,0,0
30,29,5,2,43.73250000000007,-79.49250000000013,0,0,1,1,0,0,0,0
42,40,6,2,43.7925000000001,-79.43750000000018,0,2,0,0,0,0,0,0
48,83,8,3,43.82250000000012,-79.22250000000038,0,1,1,1,0,0,0,0
40,79,9,3,43.7825000000001,-79.24250000000036,0,2,1,0,0,0,0,0
19,56,2,1,43.677500000000045,-79.35750000000026,0,0,0,1,0,0,0,0
20,21,17,5,43.68250000000005,-79.5325000000001,0,2,0,1,0,1,1,0
11,52,74,20,43.637500000000024,-79.37750000000024,2,6,6,2,1,0,2,1
12,17,16,5,43.64250000000003,-79.55250000000008,0,2,1,1,0,1,0,0
39,34,0,0,43.777500000000096,-79.46750000000016,0,0,0,0,0,0,0,0
31,30,9,3,43.737500000000075,-79.48750000000014,0,2,1,0,0,0,0,0
23,26,13,4,43.697500000000055,-79.50750000000012,0,2,0,1,0,1,0,0
41,80,2,1,43.7875000000001,-79.23750000000037,0,0,0,1,0,0,0,0
33,76,20,6,43.74750000000008,-79.25750000000035,0,2,1,1,0,1,1,0
13,18,16,5,43.64750000000003,-79.54750000000008,0,2,1,1,0,1,0,0
25,72,19,5,43.70750000000006,-79.27750000000033,0,1,0,1,0,2,1,0
44,85,8,3,43.80250000000011,-79.21250000000039,0,1,1,1,0,0,0,0
37,46,47,13,43.76750000000009,-79.40750000000021,2,5,3,1,0,1,1,0
16,23,21,6,43.66250000000004,-79.52250000000011,0,3,0,1,0,2,0,0
22,66,3,1,43.69250000000005,-79.3075000000003,0,1,0,0,0,0,0,0
15,27,23,6,43.657500000000034,-79.50250000000013,1,1,1,1,0,1,1,0
26,36,2,1,43.71250000000006,-79.45750000000017,0,0,0,1,0,0,0,0
18,32,3,1,43.67250000000004,-79.47750000000015,0,0,1,0,0,0,0,0
38,47,42,12,43.77250000000009,-79.40250000000022,1,4,3,1,0,1,1,1
36,86,22,6,43.76250000000009,-79.2075000000004,1,3,0,1,0,1,0,0
8,24,13,4,43.62250000000002,-79.51750000000011,0,2,0,1,0,1,0,0
27,37,6,2,43.717500000000065,-79.45250000000017,0,1,1,0,0,0,0,0
18,68,8,3,43.67250000000004,-79.29750000000031,0,1,1,1,0,0,0,0
19,33,3,1,43.677500000000045,-79.47250000000015,0,1,0,0,0,0,0,0
11,29,2,1,43.637500000000024,-79.49250000000013,0,0,0,1,0,0,0,0
30,42,5,2,43.73250000000007,-79.4275000000002,0,0,1,1,0,0,0,0
31,7,6,2,43.737500000000075,-79.60250000000003,0,2,0,0,0,0,0,0
40,92,5,2,43.7825000000001,-79.17750000000042,0,0,1,1,0,0,0,0
41,57,11,4,43.7875000000001,-79.35250000000026,0,2,1,1,0,0,0,0
33,53,9,3,43.74750000000008,-79.37250000000024,0,2,1,0,0,0,0,0
12,30,5,2,43.64250000000003,-79.48750000000014,0,1,0,1,0,0,0,0
25,49,37,10,43.70750000000006,-79.39250000000023,2,4,1,1,0,0,1,1
4,26,3,1,43.602500000000006,-79.50750000000012,0,0,1,0,0,0,0,0
44,62,5,2,43.80250000000011,-79.32750000000028,0,0,1,1,0,0,0,0
35,13,0,0,43.757500000000086,-79.57250000000006,0,0,0,0,0,0,0,0
1,20,8,3,43.5875,-79.5375000000001,0,1,1,1,0,0,0,0
14,39,0,0,43.65250000000003,-79.44250000000018,0,0,0,0,0,0,0,0
33,89,0,0,43.74750000000008,-79.19250000000041,0,0,0,0,0,0,0,0
34,54,6,2,43.75250000000008,-79.36750000000025,0,1,1,0,0,0,0,0
45,63,5,2,43.80750000000011,-79.32250000000029,0,0,1,1,0,0,0,0
37,59,6,2,43.76750000000009,-79.34250000000027,0,1,1,0,0,0,0,0
15,40,0,0,43.657500000000034,-79.43750000000018,0,0,0,0,0,0,0,0
26,49,22,7,43.71250000000006,-79.39250000000023,1,3,1,2,0,0,0,0
27,14,8,3,43.717500000000065,-79.56750000000007,0,2,0,1,0,0,0,0
18,45,37,10,43.67250000000004,-79.41250000000021,2,5,1,1,0,1,0,0
19,10,29,8,43.677500000000045,-79.58750000000005,1,3,1,1,0,1,1,0
29,60,8,3,43.72750000000007,-79.33750000000028,0,2,0,1,0,0,0,0
48,73,8,3,43.82250000000012,-79.27250000000033,0,2,0,1,0,0,0,0
21,56,9,3,43.68750000000005,-79.35750000000026,0,2,1,0,0,0,0,0
40,69,6,2,43.7825000000001,-79.29250000000032,0,2,0,0,0,0,0,0
20,11,25,7,43.68250000000005,-79.58250000000005,1,3,1,1,0,1,0,0
11,42,2,1,43.637500000000024,-79.4275000000002,0,0,0,1,0,0,0,0
31,20,8,3,43.737500000000075,-79.5375000000001,0,1,1,1,0,0,0,0
23,16,13,4,43.697500000000055,-79.55750000000008,0,2,0,1,0,1,0,0
10,46,5,2,43.63250000000002,-79.40750000000021,0,0,1,1,0,0,0,0
41,70,0,0,43.7875000000001,-79.28750000000032,0,0,0,0,0,0,0,0
33,66,3,1,43.74750000000008,-79.3075000000003,0,1,0,0,0,0,0,0
34,31,8,3,43.75250000000008,-79.48250000000014,0,2,0,1,0,0,0,0
25,62,9,3,43.70750000000006,-79.32750000000028,0,2,1,0,0,0,0,0
44,75,11,4,43.80250000000011,-79.26250000000034,0,2,1,1,0,0,0,0
37,36,3,1,43.76750000000009,-79.45750000000017,0,0,1,0,0,0,0,0
22,56,9,3,43.69250000000005,-79.35750000000026,0,2,1,0,0,0,0,0
14,52,98,26,43.65250000000003,-79.37750000000024,4,9,5,3,1,0,2,2
15,17,25,7,43.657500000000034,-79.55250000000008,0,3,0,1,0,2,1,0
26,26,3,1,43.71250000000006,-79.50750000000012,0,1,0,0,0,0,0,0
18,22,23,6,43.67250000000004,-79.5275000000001,1,2,0,1,0,1,1,0
38,37,6,2,43.77250000000009,-79.45250000000017,0,2,0,0,0,0,0,0
17,63,9,3,43.66750000000004,-79.32250000000029,0,2,1,0,0,0,0,0
36,76,13,4,43.76250000000009,-79.25750000000035,0,2,0,1,0,1,0,0
28,72,30,8,43.72250000000007,-79.27750000000033,1,3,1,1,0,2,0,0
47,85,6,2,43.817500000000116,-79.21250000000039,0,2,0,0,0,0,0,0
27,27,6,2,43.717500000000065,-79.50250000000013,0,2,0,0,0,0,0,0
40,46,8,3,43.7825000000001,-79.40750000000021,0,2,0,1,0,0,0,0
19,23,16,4,43.677500000000045,-79.52250000000011,1,1,0,1,0,1,0,0
11,19,21,6,43.637500000000024,-79.54250000000009,0,3,0,1,0,2,0,0
30,32,6,2,43.73250000000007,-79.47750000000015,0,2,0,0,0,0,0,0
29,73,13,4,43.72750000000007,-79.27250000000033,0,2,0,1,0,1,0,0
21,69,8,3,43.68750000000005,-79.29250000000032,0,1,1,1,0,0,0,0
40,82,3,1,43.7825000000001,-79.22750000000038,0,0,1,0,0,0,0,0
41,47,11,4,43.7875000000001,-79.40250000000022,0,2,1,1,0,0,0,0
33,43,48,13,43.74750000000008,-79.4225000000002,2,5,2,1,0,1,1,1
34,8,3,1,43.75250000000008,-79.59750000000004,0,0,1,0,0,0,0,0
25,39,5,2,43.70750000000006,-79.44250000000018,0,1,0,1,0,0,0,0
44,52,6,2,43.80250000000011,-79.37750000000024,0,2,0,0,0,0,0,0
4,16,8,3,43.602500000000006,-79.55750000000008,0,1,1,1,0,0,0,0
22,33,3,1,43.69250000000005,-79.47250000000015,0,0,1,0,0,0,0,0
34,44,40,11,43.75250000000008,-79.4175000000002,2,4,3,1,0,1,0,0
37,49,32,9,43.76750000000009,-79.39250000000023,1,4,1,1,0,1,1,0
32,83,20,5,43.74250000000008,-79.22250000000038,1,1,0,1,0,1,1,0
24,79,18,5,43.70250000000006,-79.24250000000036,0,2,0,1,0,2,0,0
43,92,5,2,43.797500000000106,-79.17750000000042,0,0,1,1,0,0,0,0
35,88,8,3,43.757500000000086,-79.1975000000004,0,1,1,1,0,0,0,0
36,53,5,2,43.76250000000009,-79.37250000000024,0,1,0,1,0,0,0,0
15,30,8,3,43.657500000000034,-79.48750000000014,0,2,0,1,0,0,0,0
47,62,11,4,43.817500000000116,-79.32750000000028,0,2,1,1,0,0,0,0
7,26,2,1,43.617500000000014,-79.50750000000012,0,0,0,1,0,0,0,0
26,39,3,1,43.71250000000006,-79.44250000000018,0,1,0,0,0,0,0,0
27,4,8,3,43.717500000000065,-79.61750000000002,0,2,0,1,0,0,0,0
18,35,6,2,43.67250000000004,-79.46250000000016,0,1,1,0,0,0,0,0
30,9,11,4,43.73250000000007,-79.59250000000004,0,2,1,1,0,0,0,0
36,89,8,3,43.76250000000009,-79.19250000000041,0,1,1,1,0,0,0,0
29,50,6,2,43.72750000000007,-79.38750000000023,0,1,1,0,0,0,0,0
21,46,42,12,43.68750000000005,-79.40750000000021,2,4,3,2,0,1,0,0
40,59,11,4,43.7825000000001,-79.34250000000027,0,2,1,1,0,0,0,0
33,56,3,1,43.74750000000008,-79.35750000000026,0,1,0,0,0,0,0,0
34,21,3,1,43.75250000000008,-79.5325000000001,0,1,0,0,0,0,0,0
25,52,0,0,43.70750000000006,-79.37750000000024,0,0,0,0,0,0,0,0
39,99,2,1,43.777500000000096,-79.14250000000045,0,0,0,1,0,0,0,0
37,26,0,0,43.76750000000009,-79.50750000000012,0,0,0,0,0,0,0,0
43,69,6,2,43.797500000000106,-79.29250000000032,0,2,0,0,0,0,0,0
35,65,2,1,43.757500000000086,-79.3125000000003,0,0,0,1,0,0,0,0
14,42,6,2,43.65250000000003,-79.4275000000002,0,2,0,0,0,0,0,0
26,16,11,4,43.71250000000006,-79.55750000000008,0,2,1,1,0,0,0,0
17,53,81,21,43.66750000000004,-79.37250000000024,3,5,6,2,1,0,2,2
36,66,8,3,43.76250000000009,-79.3075000000003,0,1,1,1,0,0,0,0
29,27,6,2,43.72750000000007,-79.50250000000013,0,1,1,0,0,0,0,0
47,75,11,4,43.817500000000116,-79.26250000000034,0,2,1,1,0,0,0,0
40,36,9,3,43.7825000000001,-79.45750000000017,0,2,1,0,0,0,0,0
42,82,8,3,43.7925000000001,-79.22750000000038,0,2,0,1,0,0,0,0
21,59,6,2,43.68750000000005,-79.34250000000027,0,1,1,0,0,0,0,0
41,37,11,4,43.7875000000001,-79.45250000000017,0,2,1,1,0,0,0,0
25,29,8,3,43.70750000000006,-79.49250000000013,0,1,1,1,0,0,0,0
39,76,21,6,43.777500000000096,-79.25750000000035,0,3,0,1,0,2,0,0
31,72,14,4,43.737500000000075,-79.27750000000033,0,1,0,1,0,1,1,0
22,23,25,7,43.69250000000005,-79.52250000000011,0,2,1,1,0,2,1,0
14,19,25,6,43.65250000000003,-79.54250000000009,1,1,0,1,0,2,1,0
13,60,3,1,43.64750000000003,-79.33750000000028,0,0,1,0,0,0,0,0
32,73,23,6,43.74250000000008,-79.27250000000033,1,1,1,1,0,1,1,0
24,69,10,3,43.70250000000006,-79.29250000000032,0,1,0,1,0,1,0,0
43,82,2,1,43.797500000000106,-79.22750000000038,0,0,0,1,0,0,0,0
16,65,3,1,43.66250000000004,-79.3125000000003,0,1,0,0,0,0,0,0
35,78,25,7,43.757500000000086,-79.24750000000036,0,3,0,1,0,2,1,0
36,43,42,12,43.76250000000009,-79.4225000000002,2,5,3,1,0,0,1,0
28,39,3,1,43.72250000000007,-79.44250000000018,0,1,0,0,0,0,0,0
7,16,8,3,43.617500000000014,-79.55750000000008,0,2,0,1,0,0,0,0
38,89,9,3,43.77250000000009,-79.19250000000041,0,2,1,0,0,0,0,0
17,66,6,2,43.66750000000004,-79.3075000000003,0,2,0,0,0,0,0,0
28,75,14,4,43.72250000000007,-79.26250000000034,0,1,0,1,0,1,1,0
29,40,8,3,43.72750000000007,-79.43750000000018,0,2,0,1,0,0,0,0
21,36,8,3,43.68750000000005,-79.45750000000017,0,2,0,1,0,0,0,0
27,79,13,4,43.717500000000065,-79.24250000000036,0,1,1,1,0,1,0,0
33,10,3,1,43.74750000000008,-79.58750000000005,0,0,1,0,0,0,0,0
30,84,20,6,43.73250000000007,-79.21750000000038,0,2,1,1,0,1,1,0
10,26,20,5,43.63250000000002,-79.50750000000012,1,1,0,1,0,1,1,0
42,95,8,3,43.7925000000001,-79.16250000000043,0,1,1,1,0,0,0,0
2,22,9,3,43.5925,-79.5275000000001,0,2,1,0,0,0,0,0
25,42,6,2,43.70750000000006,-79.4275000000002,0,2,0,0,0,0,0,0
31,85,21,5,43.737500000000075,-79.21250000000039,1,1,0,1,0,2,0,0
37,16,6,2,43.76750000000009,-79.55750000000008,0,1,1,0,0,0,0,0
32,50,37,11,43.74250000000008,-79.38750000000023,1,3,3,2,0,1,1,0
24,46,33,9,43.70250000000006,-79.40750000000021,2,2,3,1,0,0,1,0
43,59,11,4,43.797500000000106,-79.34250000000027,0,2,1,1,0,0,0,0
3,23,11,4,43.597500000000004,-79.52250000000011,0,2,1,1,0,0,0,0
35,55,5,2,43.757500000000086,-79.36250000000025,0,0,1,1,0,0,0,0
14,32,6,2,43.65250000000003,-79.47750000000015,0,1,1,0,0,0,0,0
17,43,3,1,43.66750000000004,-79.4225000000002,0,0,1,0,0,0,0,0
36,56,6,2,43.76250000000009,-79.35750000000026,0,2,0,0,0,0,0,0
28,52,5,2,43.72250000000007,-79.37750000000024,0,0,1,1,0,0,0,0
29,17,5,2,43.72750000000007,-79.55250000000008,0,1,0,1,0,0,0,0
47,65,8,3,43.817500000000116,-79.3125000000003,0,2,0,1,0,0,0,0
21,13,25,6,43.68750000000005,-79.57250000000006,1,1,0,1,0,2,1,0
50,76,6,2,43.832500000000124,-79.25750000000035,0,1,1,0,0,0,0,0
42,72,6,2,43.7925000000001,-79.27750000000033,0,1,1,0,0,0,0,0
21,49,39,12,43.68750000000005,-79.39250000000023,1,4,3,2,0,0,1,1
20,53,0,0,43.68250000000005,-79.37250000000024,0,0,0,0,0,0,0,0
39,66,8,3,43.777500000000096,-79.3075000000003,0,1,1,1,0,0,0,0
31,62,5,2,43.737500000000075,-79.32750000000028,0,1,0,1,0,0,0,0
23,58,11,4,43.697500000000055,-79.34750000000027,0,2,1,1,0,0,0,0
22,13,22,6,43.69250000000005,-79.57250000000006,0,1,1,1,0,2,1,0
13,50,78,22,43.64750000000003,-79.38750000000023,4,8,4,3,0,0,2,1
32,63,5,2,43.74250000000008,-79.32250000000029,0,1,0,1,0,0,0,0
43,72,11,4,43.797500000000106,-79.27750000000033,0,2,1,1,0,0,0,0
16,55,61,16,43.66250000000004,-79.36250000000025,2,4,3,3,1,0,1,2
17,20,25,7,43.66750000000004,-79.5375000000001,0,2,1,1,0,2,1,0
35,68,13,4,43.757500000000086,-79.29750000000031,0,1,1,1,0,1,0,0
28,29,6,2,43.72250000000007,-79.49250000000013,0,2,0,0,0,0,0,0
46,83,9,3,43.812500000000114,-79.22250000000038,0,2,1,0,0,0,0,0
38,79,18,5,43.77250000000009,-79.24250000000036,0,1,1,1,0,2,0,0
17,56,5,2,43.66750000000004,-79.35750000000026,0,1,0,1,0,0,0,0
49,88,6,2,43.82750000000012,-79.1975000000004,0,2,0,0,0,0,0,0
29,30,5,2,43.72750000000007,-79.48750000000014,0,0,1,1,0,0,0,0
21,26,21,5,43.68750000000005,-79.50750000000012,1,1,0,1,0,2,0,0
27,69,31,8,43.717500000000065,-79.29250000000032,1,2,1,1,0,2,1,0
33,0,0,0,43.74750000000008,-79.6375,0,0,0,0,0,0,0,0
19,65,3,1,43.677500000000045,-79.3125000000003,0,1,0,0,0,0,0,0
39,43,39,11,43.777500000000096,-79.4225000000002,2,5,2,1,0,0,0,1
30,74,29,8,43.73250000000007,-79.26750000000034,1,3,1,1,0,1,1,0
10,16,13,4,43.63250000000002,-79.55750000000008,0,2,0,1,0,1,0,0
42,85,6,2,43.7925000000001,-79.21250000000039,0,2,0,0,0,0,0,0
20,66,8,3,43.68250000000005,-79.3075000000003,0,2,0,1,0,0,0,0
13,27,16,5,43.64750000000003,-79.50250000000013,0,3,0,1,0,1,0,0
31,75,31,8,43.737500000000075,-79.26250000000034,1,2,1,1,0,2,1,0
32,40,42,12,43.74250000000008,-79.43750000000018,1,4,3,1,0,1,1,1
23,71,3,1,43.697500000000055,-79.28250000000033,0,0,1,0,0,0,0,0
24,36,2,1,43.70250000000006,-79.45750000000017,0,0,0,1,0,0,0,0
43,49,5,2,43.797500000000106,-79.39250000000023,0,1,0,1,0,0,0,0
16,32,5,2,43.66250000000004,-79.47750000000015,0,1,0,1,0,0,0,0
35,45,32,10,43.757500000000086,-79.41250000000021,1,5,1,2,0,0,1,0
28,6,8,3,43.72250000000007,-79.60750000000003,0,1,1,1,0,0,0,0
45,95,8,3,43.80750000000011,-79.16250000000043,0,1,1,1,0,0,0,0
5,22,8,3,43.60750000000001,-79.5275000000001,0,1,1,1,0,0,0,0
46,60,2,1,43.812500000000114,-79.33750000000028,0,0,0,1,0,0,0,0
37,91,11,4,43.76750000000009,-79.18250000000042,0,2,1,1,0,0,0,0
17,33,5,2,43.66750000000004,-79.47250000000015,0,0,1,1,0,0,0,0
9,29,2,1,43.62750000000002,-79.49250000000013,0,0,0,1,0,0,0,0
28,42,2,1,43.72250000000007,-79.4275000000002,0,0,0,1,0,0,0,0
26,81,13,4,43.71250000000006,-79.23250000000037,0,1,1,1,0,1,0,0
38,92,5,2,43.77250000000009,-79.17750000000042,0,1,0,1,0,0,0,0
42,62,11,4,43.7925000000001,-79.32750000000028,0,2,1,1,0,0,0,0
20,43,11,4,43.68250000000005,-79.4225000000002,0,2,1,1,0,0,0,0
39,56,3,1,43.777500000000096,-79.35750000000026,0,0,1,0,0,0,0,0
12,39,2,1,43.64250000000003,-79.44250000000018,0,0,0,1,0,0,0,0
31,52,6,2,43.737500000000075,-79.37750000000024,0,2,0,0,0,0,0,0
32,17,8,3,43.74250000000008,-79.55250000000008,0,1,1,1,0,0,0,0
23,48,36,10,43.697500000000055,-79.39750000000022,2,3,3,1,0,0,0,1
24,13,0,0,43.70250000000006,-79.57250000000006,0,0,0,0,0,0,0,0
41,102,5,2,43.7875000000001,-79.12750000000047,0,0,1,1,0,0,0,0
13,40,5,2,43.64750000000003,-79.43750000000018,0,1,0,1,0,0,0,0
45,72,5,2,43.80750000000011,-79.27750000000033,0,0,1,1,0,0,0,0
24,49,40,12,43.70250000000006,-79.39250000000023,2,5,3,2,0,0,0,0
16,45,2,1,43.66250000000004,-79.41250000000021,0,0,0,1,0,0,0,0
17,10,26,7,43.66750000000004,-79.58750000000005,1,2,1,1,0,1,1,0
35,58,2,1,43.757500000000086,-79.34750000000027,0,0,0,1,0,0,0,0
36,23,5,2,43.76250000000009,-79.52250000000011,0,0,1,1,0,0,0,0
46,73,3,1,43.812500000000114,-79.27250000000033,0,1,0,0,0,0,0,0
38,69,25,7,43.77250000000009,-79.29250000000032,0,2,1,1,0,2,1,0
49,78,11,4,43.82750000000012,-79.24750000000036,0,2,1,1,0,0,0,0
42,39,9,3,43.7925000000001,-79.44250000000018,0,2,1,0,0,0,0,0
21,16,14,4,43.68750000000005,-79.55750000000008,0,1,0,1,0,1,1,0
19,55,2,1,43.677500000000045,-79.36250000000025,0,0,0,1,0,0,0,0
20,20,24,6,43.68250000000005,-79.5375000000001,1,1,1,1,0,2,0,0
39,33,9,3,43.777500000000096,-79.47250000000015,0,2,1,0,0,0,0,0
11,51,51,15,43.637500000000024,-79.38250000000023,2,4,3,3,0,0,1,2
31,29,3,1,43.737500000000075,-79.49250000000013,0,0,1,0,0,0,0,0
23,25,14,4,43.697500000000055,-79.51250000000012,0,1,0,1,0,1,1,0
41,79,5,2,43.7875000000001,-79.24250000000036,0,1,0,1,0,0,0,0
20,56,3,1,43.68250000000005,-79.35750000000026,0,0,1,0,0,0,0,0
12,52,66,17,43.64250000000003,-79.37750000000024,2,6,4,1,1,0,1,2
31,65,5,2,43.737500000000075,-79.3125000000003,0,1,0,1,0,0,0,0
44,84,9,3,43.80250000000011,-79.21750000000038,0,2,1,0,0,0,0,0
32,30,6,2,43.74250000000008,-79.48750000000014,0,2,0,0,0,0,0,0
23,61,3,1,43.697500000000055,-79.33250000000028,0,0,1,0,0,0,0,0
24,26,5,2,43.70250000000006,-79.50750000000012,0,0,1,1,0,0,0,0
16,22,20,5,43.66250000000004,-79.5275000000001,1,1,0,1,0,1,1,0
35,35,3,1,43.757500000000086,-79.46250000000016,0,0,1,0,0,0,0,0
34,76,26,7,43.75250000000008,-79.25750000000035,1,3,0,1,0,1,1,0
45,85,3,1,43.80750000000011,-79.21250000000039,0,1,0,0,0,0,0,0
37,81,16,5,43.76750000000009,-79.23250000000037,0,3,0,1,0,1,0,0
38,46,41,11,43.77250000000009,-79.40750000000021,2,5,1,1,0,1,1,0
17,23,30,8,43.66750000000004,-79.52250000000011,1,3,1,1,0,2,0,0
9,19,17,5,43.62750000000002,-79.54250000000009,0,1,1,1,0,1,1,0
15,62,11,4,43.657500000000034,-79.32750000000028,0,2,1,1,0,0,0,0
26,71,25,6,43.71250000000006,-79.28250000000033,1,1,0,1,0,2,1,0
27,36,6,2,43.717500000000065,-79.45750000000017,0,2,0,0,0,0,0,0
18,67,0,0,43.67250000000004,-79.30250000000031,0,0,0,0,0,0,0,0
19,32,9,3,43.677500000000045,-79.47750000000015,0,2,1,0,0,0,0,0
38,82,22,6,43.77250000000009,-79.22750000000038,0,2,0,1,0,2,1,0
30,41,6,2,43.73250000000007,-79.43250000000019,0,1,1,0,0,0,0,0
27,72,16,4,43.717500000000065,-79.27750000000033,1,1,0,1,0,1,0,0
40,91,6,2,43.7825000000001,-79.18250000000042,0,2,0,0,0,0,0,0
19,68,9,3,43.677500000000045,-79.29750000000031,0,2,1,0,0,0,0,0
20,33,3,1,43.68250000000005,-79.47250000000015,0,1,0,0,0,0,0,0
39,46,26,8,43.777500000000096,-79.40750000000021,1,2,2,2,0,0,0,1
12,29,8,3,43.64250000000003,-79.49250000000013,0,2,0,1,0,0,0,0
30,77,17,5,43.73250000000007,-79.25250000000035,0,1,1,1,0,1,1,0
31,42,9,3,43.737500000000075,-79.4275000000002,0,2,1,0,0,0,0,0
4,25,3,1,43.602500000000006,-79.51250000000012,0,1,0,0,0,0,0,0
32,7,6,2,43.74250000000008,-79.60250000000003,0,2,0,0,0,0,0,0
23,38,2,1,43.697500000000055,-79.44750000000018,0,0,0,1,0,0,0,0
35,12,8,3,43.757500000000086,-79.57750000000006,0,1,1,1,0,0,0,0
41,92,2,1,43.7875000000001,-79.17750000000042,0,0,0,1,0,0,0,0
1,19,8,3,43.5875,-79.54250000000009,0,2,0,1,0,0,0,0
33,88,5,2,43.74750000000008,-79.1975000000004,0,0,1,1,0,0,0,0
34,53,8,3,43.75250000000008,-79.37250000000024,0,2,0,1,0,0,0,0
13,30,11,4,43.64750000000003,-79.48750000000014,0,2,1,1,0,0,0,0
44,97,5,2,43.80250000000011,-79.15250000000044,0,1,0,1,0,0,0,0
45,62,3,1,43.80750000000011,-79.32750000000028,0,0,1,0,0,0,0,0
37,58,6,2,43.76750000000009,-79.34750000000027,0,2,0,0,0,0,0,0
16,35,8,3,43.66250000000004,-79.46250000000016,0,1,1,1,0,0,0,0
36,13,9,3,43.76250000000009,-79.57250000000006,0,2,1,0,0,0,0,0
28,9,3,1,43.72250000000007,-79.59250000000004,0,1,0,0,0,0,0,0
34,89,11,4,43.75250000000008,-79.19250000000041,0,2,1,1,0,0,0,0
26,48,34,9,43.71250000000006,-79.39750000000022,2,2,1,2,0,1,1,0
46,63,0,0,43.812500000000114,-79.32250000000029,0,0,0,0,0,0,0,0
37,94,3,1,43.76750000000009,-79.16750000000043,0,0,1,0,0,0,0,0
38,59,0,0,43.77250000000009,-79.34250000000027,0,0,0,0,0,0,0,0
49,68,9,3,43.82750000000012,-79.29750000000031,0,2,1,0,0,0,0,0
27,49,32,10,43.717500000000065,-79.39250000000023,1,4,2,2,0,0,1,0
19,45,24,7,43.677500000000045,-79.41250000000021,1,3,1,1,0,0,1,0
20,10,17,5,43.68250000000005,-79.58750000000005,0,2,0,1,0,1,1,0
11,41,6,2,43.637500000000024,-79.43250000000019,0,2,0,0,0,0,0,0
30,54,2,1,43.73250000000007,-79.36750000000025,0,0,0,1,0,0,0,0
31,19,8,3,43.737500000000075,-79.54250000000009,0,1,1,1,0,0,0,0
23,15,16,5,43.697500000000055,-79.56250000000007,0,3,0,1,0,1,0,0
41,69,6,2,43.7875000000001,-79.29250000000032,0,2,0,0,0,0,0,0
33,65,0,0,43.74750000000008,-79.3125000000003,0,0,0,0,0,0,0,0
12,42,5,2,43.64250000000003,-79.4275000000002,0,1,0,1,0,0,0,0
13,7,3,1,43.64750000000003,-79.60250000000003,0,1,0,0,0,0,0,0
44,74,9,3,43.80250000000011,-79.26750000000034,0,2,1,0,0,0,0,0
32,20,6,2,43.74250000000008,-79.5375000000001,0,1,1,0,0,0,0,0
24,16,6,2,43.70250000000006,-79.55750000000008,0,1,1,0,0,0,0,0
35,25,11,4,43.757500000000086,-79.51250000000012,0,2,1,1,0,0,0,0
22,55,6,2,43.69250000000005,-79.36250000000025,0,2,0,0,0,0,0,0
34,66,3,1,43.75250000000008,-79.3075000000003,0,1,0,0,0,0,0,0
45,75,3,1,43.80750000000011,-79.26250000000034,0,0,1,0,0,0,0,0
37,71,14,4,43.76750000000009,-79.28250000000033,0,1,0,1,0,1,1,0
38,36,6,2,43.77250000000009,-79.45750000000017,0,1,1,0,0,0,0,0
15,52,69,20,43.657500000000034,-79.37750000000024,3,6,5,3,0,0,2,1
26,61,11,4,43.71250000000006,-79.33250000000028,0,2,1,1,0,0,0,0
27,26,11,4,43.717500000000065,-79.50750000000012,0,2,1,1,0,0,0,0
18,57,3,1,43.67250000000004,-79.35250000000026,0,1,0,0,0,0,0,0
19,22,24,7,43.677500000000045,-79.5275000000001,0,3,1,1,0,2,0,0
11,18,16,5,43.637500000000024,-79.54750000000008,0,2,1,1,0,1,0,0
30,31,11,4,43.73250000000007,-79.48250000000014,0,2,1,1,0,0,0,0
42,42,2,1,43.7925000000001,-79.4275000000002,0,0,0,1,0,0,0,0
29,72,16,4,43.72750000000007,-79.27750000000033,1,1,0,1,0,1,0,0
48,85,3,1,43.82250000000012,-79.21250000000039,0,0,1,0,0,0,0,0
40,81,2,1,43.7825000000001,-79.23250000000037,0,0,0,1,0,0,0,0
41,46,5,2,43.7875000000001,-79.40750000000021,0,1,0,1,0,0,0,0
20,23,31,8,43.68250000000005,-79.52250000000011,1,3,0,1,0,2,1,0
12,19,21,5,43.64250000000003,-79.54250000000009,1,1,0,1,0,2,0,0
31,32,11,4,43.737500000000075,-79.47750000000015,0,2,1,1,0,0,0,0
23,28,8,3,43.697500000000055,-79.49750000000013,0,2,0,1,0,0,0,0
41,82,2,1,43.7875000000001,-79.22750000000038,0,0,0,1,0,0,0,0
33,78,26,7,43.74750000000008,-79.24750000000036,1,3,0,1,0,1,1,0
34,43,35,10,43.75250000000008,-79.4225000000002,1,4,2,1,0,1,1,0
25,74,24,6,43.70750000000006,-79.26750000000034,1,2,0,1,0,2,0,0
45,52,5,2,43.80750000000011,-79.37750000000024,0,0,1,1,0,0,0,0
37,48,39,10,43.76750000000009,-79.39750000000022,2,2,2,1,0,1,1,1
22,68,5,2,43.69250000000005,-79.29750000000031,0,0,1,1,0,0,0,0
15,29,2,1,43.657500000000034,-79.49250000000013,0,0,0,1,0,0,0,0
26,38,6,2,43.71250000000006,-79.44750000000018,0,1,1,0,0,0,0,0
18,34,0,0,43.67250000000004,-79.46750000000016,0,0,0,0,0,0,0,0
38,49,44,12,43.77250000000009,-79.39250000000023,2,4,3,1,0,1,1,0
30,8,11,4,43.73250000000007,-79.59750000000004,0,2,1,1,0,0,0,0
36,88,8,3,43.76250000000009,-79.1975000000004,0,1,1,1,0,0,0,0
8,26,22,6,43.62250000000002,-79.50750000000012,1,3,0,1,0,1,0,0
27,39,2,1,43.717500000000065,-79.44250000000018,0,0,0,1,0,0,0,0
19,35,8,3,43.677500000000045,-79.46250000000016,0,2,0,1,0,0,0,0
30,44,9,3,43.73250000000007,-79.4175000000002,0,2,1,0,0,0,0,0
31,9,11,4,43.737500000000075,-79.59250000000004,0,2,1,1,0,0,0,0
40,94,5,2,43.7825000000001,-79.16750000000043,0,0,1,1,0,0,0,0
41,59,9,3,43.7875000000001,-79.34250000000027,0,2,1,0,0,0,0,0
33,55,9,3,43.74750000000008,-79.36250000000025,0,2,1,0,0,0,0,0
34,20,5,2,43.75250000000008,-79.5375000000001,0,0,1,1,0,0,0,0
25,51,39,11,43.70750000000006,-79.38250000000023,2,2,3,2,0,0,1,1
4,28,3,1,43.602500000000006,-79.49750000000013,0,0,1,0,0,0,0,0
44,64,9,3,43.80250000000011,-79.3175000000003,0,2,1,0,0,0,0,0
24,6,3,1,43.70250000000006,-79.60750000000003,0,1,0,0,0,0,0,0
37,25,9,3,43.76750000000009,-79.51250000000012,0,2,1,0,0,0,0,0
22,45,44,12,43.69250000000005,-79.41250000000021,2,2,3,2,0,1,1,1
14,41,3,1,43.65250000000003,-79.43250000000019,0,1,0,0,0,0,0,0
34,56,0,0,43.75250000000008,-79.35750000000026,0,0,0,0,0,0,0,0
26,15,6,2,43.71250000000006,-79.56250000000007,0,2,0,0,0,0,0,0
37,61,8,3,43.76750000000009,-79.33250000000028,0,2,0,1,0,0,0,0
15,42,2,1,43.657500000000034,-79.4275000000002,0,0,0,1,0,0,0,0
47,74,8,3,43.817500000000116,-79.26750000000034,0,1,1,1,0,0,0,0
26,51,44,12,43.71250000000006,-79.38250000000023,2,5,2,1,0,1,1,0
27,16,6,2,43.717500000000065,-79.55750000000008,0,1,1,0,0,0,0,0
18,47,33,9,43.67250000000004,-79.40250000000022,2,4,1,1,0,0,1,0
30,21,9,3,43.73250000000007,-79.5325000000001,0,2,1,0,0,0,0,0
29,62,6,2,43.72750000000007,-79.32750000000028,0,2,0,0,0,0,0,0
48,75,5,2,43.82250000000012,-79.26250000000034,0,1,0,1,0,0,0,0
21,58,0,0,43.68750000000005,-79.34750000000027,0,0,0,0,0,0,0,0
40,71,5,2,43.7825000000001,-79.28250000000033,0,0,1,1,0,0,0,0
41,36,3,1,43.7875000000001,-79.45750000000017,0,0,1,0,0,0,0,0
20,13,14,4,43.68250000000005,-79.57250000000006,0,1,0,1,0,1,1,0
23,18,25,7,43.697500000000055,-79.54750000000008,1,3,1,1,0,1,0,0
10,48,73,20,43.63250000000002,-79.39750000000022,2,8,5,2,1,0,1,1
33,68,30,8,43.74750000000008,-79.29750000000031,1,3,1,1,0,2,0,0
25,64,11,4,43.70750000000006,-79.3175000000003,0,2,1,1,0,0,0,0
43,81,6,2,43.797500000000106,-79.23250000000037,0,1,1,0,0,0,0,0
22,58,8,3,43.69250000000005,-79.34750000000027,0,1,1,1,0,0,0,0
14,54,78,22,43.65250000000003,-79.36750000000025,4,6,6,3,0,0,1,2
15,19,30,8,43.657500000000034,-79.54250000000009,1,3,1,1,0,2,0,0
7,15,9,3,43.617500000000014,-79.56250000000007,0,2,1,0,0,0,0,0
26,28,6,2,43.71250000000006,-79.49750000000013,0,1,1,0,0,0,0,0
18,24,19,5,43.67250000000004,-79.51750000000011,1,2,0,1,0,1,0,0
17,65,3,1,43.66750000000004,-79.3125000000003,0,1,0,0,0,0,0,0
36,78,18,5,43.76250000000009,-79.24750000000036,0,1,1,1,0,2,0,0
28,74,25,6,43.72250000000007,-79.26750000000034,1,1,0,1,0,2,1,0
29,39,8,3,43.72750000000007,-79.44250000000018,0,2,0,1,0,0,0,0
47,87,3,1,43.817500000000116,-79.2025000000004,0,0,1,0,0,0,0,0
8,16,25,7,43.62250000000002,-79.55750000000008,0,2,1,1,0,2,1,0
40,48,6,2,43.7825000000001,-79.39750000000022,0,1,1,0,0,0,0,0
19,25,28,8,43.677500000000045,-79.51250000000012,0,3,1,1,0,2,1,0
11,21,20,6,43.637500000000024,-79.5325000000001,0,2,1,1,0,1,1,0
29,75,22,6,43.72750000000007,-79.26250000000034,0,1,1,1,0,2,1,0
21,71,6,2,43.68750000000005,-79.28250000000033,0,2,0,0,0,0,0,0
41,49,8,3,43.7875000000001,-79.39250000000023,0,1,1,1,0,0,0,0
34,10,6,2,43.75250000000008,-79.58750000000005,0,2,0,0,0,0,0,0
25,41,11,4,43.70750000000006,-79.43250000000019,0,2,1,1,0,0,0,0
44,54,3,1,43.80250000000011,-79.36750000000025,0,1,0,0,0,0,0,0
37,15,6,2,43.76750000000009,-79.56250000000007,0,1,1,0,0,0,0,0
3,22,0,0,43.597500000000004,-79.5275000000001,0,0,0,0,0,0,0,0
22,35,6,2,43.69250000000005,-79.46250000000016,0,1,1,0,0,0,0,0
14,31,3,1,43.65250000000003,-79.48250000000014,0,1,0,0,0,0,0,0
32,85,19,6,43.74250000000008,-79.21250000000039,0,3,1,1,0,1,0,0
43,94,2,1,43.797500000000106,-79.16750000000043,0,0,0,1,0,0,0,0
35,90,11,4,43.757500000000086,-79.18750000000041,0,2,1,1,0,0,0,0
36,55,6,2,43.76250000000009,-79.36250000000025,0,2,0,0,0,0,0,0
15,32,2,1,43.657500000000034,-79.47750000000015,0,0,0,1,0,0,0,0
28,51,0,0,43.72250000000007,-79.38250000000023,0,0,0,0,0,0,0,0
7,28,6,2,43.617500000000014,-79.49750000000013,0,1,1,0,0,0,0,0
18,37,5,2,43.67250000000004,-79.45250000000017,0,0,1,1,0,0,0,0
30,11,5,2,43.73250000000007,-79.58250000000005,0,1,0,1,0,0,0,0
48,65,5,2,43.82250000000012,-79.3125000000003,0,1,0,1,0,0,0,0
21,48,21,6,43.68750000000005,-79.39750000000022,1,2,1,1,0,0,1,0
40,61,0,0,43.7825000000001,-79.33250000000028,0,0,0,0,0,0,0,0
33,22,5,2,43.74750000000008,-79.5275000000001,0,1,0,1,0,0,0,0
22,12,17,5,43.69250000000005,-79.57750000000006,0,2,0,1,0,1,1,0
34,23,9,3,43.75250000000008,-79.52250000000011,0,2,1,0,0,0,0,0
25,54,3,1,43.70750000000006,-79.36750000000025,0,1,0,0,0,0,0,0
37,28,3,1,43.76750000000009,-79.49750000000013,0,1,0,0,0,0,0,0
32,62,6,2,43.74250000000008,-79.32750000000028,0,2,0,0,0,0,0,0
24,58,5,2,43.70250000000006,-79.34750000000027,0,0,1,1,0,0,0,0
43,71,9,3,43.797500000000106,-79.28250000000033,0,2,1,0,0,0,0,0
35,67,0,0,43.757500000000086,-79.30250000000031,0,0,0,0,0,0,0,0
14,44,3,1,43.65250000000003,-79.4175000000002,0,0,1,0,0,0,0,0
26,18,8,3,43.71250000000006,-79.54750000000008,0,1,1,1,0,0,0,0
18,14,26,7,43.67250000000004,-79.56750000000007,1,2,1,1,0,1,1,0
17,55,68,20,43.66750000000004,-79.36250000000025,2,6,6,2,0,0,2,2
28,64,5,2,43.72250000000007,-79.3175000000003,0,1,0,1,0,0,0,0
29,29,11,4,43.72750000000007,-79.49250000000013,0,2,1,1,0,0,0,0
21,25,20,6,43.68750000000005,-79.51250000000012,0,2,1,1,0,1,1,0
40,38,6,2,43.7825000000001,-79.44750000000018,0,2,0,0,0,0,0,0
10,15,27,7,43.63250000000002,-79.56250000000007,1,3,0,1,0,2,0,0
42,84,8,3,43.7925000000001,-79.21750000000038,0,1,1,1,0,0,0,0
21,61,6,2,43.68750000000005,-79.33250000000028,0,2,0,0,0,0,0,0
41,39,8,3,43.7875000000001,-79.44250000000018,0,2,0,1,0,0,0,0
20,65,0,0,43.68250000000005,-79.3125000000003,0,0,0,0,0,0,0,0
25,31,6,2,43.70750000000006,-79.48250000000014,0,1,1,0,0,0,0,0
31,74,25,6,43.737500000000075,-79.26750000000034,1,1,0,1,0,2,1,0
23,70,8,3,43.697500000000055,-79.28750000000032,0,2,0,1,0,0,0,0
43,48,3,1,43.797500000000106,-79.39750000000022,0,0,1,0,0,0,0,0
14,21,27,7,43.65250000000003,-79.5325000000001,1,3,0,1,0,2,0,0
32,75,14,4,43.74250000000008,-79.26250000000034,0,1,0,1,0,1,1,0
43,84,3,1,43.797500000000106,-79.21750000000038,0,1,0,0,0,0,0,0
17,32,2,1,43.66750000000004,-79.47750000000015,0,0,0,1,0,0,0,0
35,80,21,6,43.757500000000086,-79.23750000000037,0,3,0,1,0,2,0,0
36,45,22,6,43.76250000000009,-79.41250000000021,1,2,1,1,0,1,0,0
28,41,0,0,43.72250000000007,-79.43250000000019,0,0,0,0,0,0,0,0
6,22,6,2,43.61250000000001,-79.5275000000001,0,2,0,0,0,0,0,0
38,91,2,1,43.77250000000009,-79.18250000000042,0,0,0,1,0,0,0,0
17,68,8,3,43.66750000000004,-79.29750000000031,0,1,1,1,0,0,0,0
29,42,5,2,43.72750000000007,-79.4275000000002,0,0,1,1,0,0,0,0
21,38,5,2,43.68750000000005,-79.44750000000018,0,0,1,1,0,0,0,0
40,51,0,0,43.7825000000001,-79.38250000000023,0,0,0,0,0,0,0,0
27,81,21,5,43.717500000000065,-79.23250000000037,1,1,0,1,0,2,0,0
39,55,3,1,43.777500000000096,-79.36250000000025,0,1,0,0,0,0,0,0
10,28,3,1,43.63250000000002,-79.49750000000013,0,1,0,0,0,0,0,0
42,97,9,3,43.7925000000001,-79.15250000000044,0,2,1,0,0,0,0,0
39,91,0,0,43.777500000000096,-79.18250000000042,0,0,0,0,0,0,0,0
13,39,8,3,43.64750000000003,-79.44250000000018,0,2,0,1,0,0,0,0
24,48,39,10,43.70250000000006,-79.39750000000022,2,2,2,1,0,1,1,1
3,25,8,3,43.597500000000004,-79.51250000000012,0,1,1,1,0,0,0,0
16,44,8,3,43.66250000000004,-79.4175000000002,0,2,0,1,0,0,0,0
43,61,11,4,43.797500000000106,-79.33250000000028,0,2,1,1,0,0,0,0
35,57,0,0,43.757500000000086,-79.35250000000026,0,0,0,0,0,0,0,0
36,22,6,2,43.76250000000009,-79.5275000000001,0,1,1,0,0,0,0,0
46,72,3,1,43.812500000000114,-79.27750000000033,0,0,1,0,0,0,0,0
17,45,2,1,43.66750000000004,-79.41250000000021,0,0,0,1,0,0,0,0
36,58,0,0,43.76250000000009,-79.34750000000027,0,0,0,0,0,0,0,0
49,77,11,4,43.82750000000012,-79.25250000000035,0,2,1,1,0,0,0,0
21,15,31,8,43.68750000000005,-79.56250000000007,1,3,0,1,0,2,1,0
50,78,11,4,43.832500000000124,-79.24750000000036,0,2,1,1,0,0,0,0
42,74,9,3,43.7925000000001,-79.26750000000034,0,2,1,0,0,0,0,0
25,21,9,3,43.70750000000006,-79.5325000000001,0,2,1,0,0,0,0,0
20,55,5,2,43.68250000000005,-79.36250000000025,0,1,0,1,0,0,0,0
39,68,21,5,43.777500000000096,-79.29750000000031,1,1,0,1,0,2,0,0
12,51,88,24,43.64250000000003,-79.38250000000023,3,8,6,3,1,0,1,2
32,29,5,2,43.74250000000008,-79.49250000000013,0,0,1,1,0,0,0,0
23,60,3,1,43.697500000000055,-79.33750000000028,0,0,1,0,0,0,0,0
35,34,5,2,43.757500000000086,-79.46750000000016,0,1,0,1,0,0,0,0
14,11,16,4,43.65250000000003,-79.58250000000005,1,1,0,1,0,1,0,0
13,52,112,30,43.64750000000003,-79.37750000000024,7,9,9,2,0,0,2,1
32,65,11,4,43.74250000000008,-79.3125000000003,0,2,1,1,0,0,0,0
45,84,3,1,43.80750000000011,-79.21750000000038,0,0,1,0,0,0,0,0
24,61,6,2,43.70250000000006,-79.33250000000028,0,2,0,0,0,0,0,0
16,57,5,2,43.66250000000004,-79.35250000000026,0,0,1,1,0,0,0,0
17,22,23,6,43.66750000000004,-79.5275000000001,1,2,0,1,0,1,1,0
35,70,27,7,43.757500000000086,-79.28750000000032,1,2,1,1,0,2,0,0
36,35,2,1,43.76250000000009,-79.46250000000016,0,0,0,1,0,0,0,0
28,31,8,3,43.72250000000007,-79.48250000000014,0,2,0,1,0,0,0,0
46,85,2,1,43.812500000000114,-79.21250000000039,0,0,0,1,0,0,0,0
38,81,31,8,43.77250000000009,-79.23250000000037,1,2,1,1,0,2,1,0
42,51,8,3,43.7925000000001,-79.38250000000023,0,2,0,1,0,0,0,0
21,28,5,2,43.68750000000005,-79.49750000000013,0,0,1,1,0,0,0,0
27,71,29,8,43.717500000000065,-79.28250000000033,1,3,1,1,0,1,1,0
33,2,6,2,43.74750000000008,-79.62750000000001,0,1,1,0,0,0,0,0
19,67,6,2,43.677500000000045,-79.30250000000031,0,1,1,0,0,0,0,0
39,45,31,9,43.777500000000096,-79.41250000000021,1,4,2,1,0,1,0,0
30,76,24,6,43.73250000000007,-79.25750000000035,1,1,1,1,0,2,0,0
31,41,6,2,43.737500000000075,-79.43250000000019,0,1,1,0,0,0,0,0
10,18,24,7,43.63250000000002,-79.54750000000008,0,3,1,1,0,2,0,0
42,87,0,0,43.7925000000001,-79.2025000000004,0,0,0,0,0,0,0,0
41,91,8,3,43.7875000000001,-79.18250000000042,0,2,0,1,0,0,0,0
20,68,5,2,43.68250000000005,-79.29750000000031,0,1,0,1,0,0,0,0
13,29,5,2,43.64750000000003,-79.49250000000013,0,0,1,1,0,0,0,0
31,77,19,5,43.737500000000075,-79.25250000000035,0,1,0,1,0,2,1,0
32,42,31,9,43.74250000000008,-79.4275000000002,1,2,3,1,0,0,1,1
23,73,8,3,43.697500000000055,-79.27250000000033,0,1,1,1,0,0,0,0
24,38,5,2,43.70250000000006,-79.44750000000018,0,1,0,1,0,0,0,0
43,51,5,2,43.797500000000106,-79.38250000000023,0,1,0,1,0,0,0,0
16,34,6,2,43.66250000000004,-79.46750000000016,0,2,0,0,0,0,0,0
35,47,37,10,43.757500000000086,-79.40250000000022,2,2,2,2,0,1,1,0
36,12,3,1,43.76250000000009,-79.57750000000006,0,0,1,0,0,0,0,0
28,8,6,2,43.72250000000007,-79.59750000000004,0,1,1,0,0,0,0,0
34,88,6,2,43.75250000000008,-79.1975000000004,0,2,0,0,0,0,0,0
46,62,9,3,43.812500000000114,-79.32750000000028,0,2,1,0,0,0,0,0
37,93,3,1,43.76750000000009,-79.17250000000043,0,1,0,0,0,0,0,0
38,58,6,2,43.77250000000009,-79.34750000000027,0,2,0,0,0,0,0,0
17,35,9,3,43.66750000000004,-79.46250000000016,0,2,1,0,0,0,0,0
49,67,0,0,43.82750000000012,-79.30250000000031,0,0,0,0,0,0,0,0
28,44,6,2,43.72250000000007,-79.4175000000002,0,2,0,0,0,0,0,0
29,9,9,3,43.72750000000007,-79.59250000000004,0,2,1,0,0,0,0,0
27,48,38,10,43.717500000000065,-79.39750000000022,2,4,1,1,0,1,1,0
6,25,8,3,43.61250000000001,-79.51250000000012,0,1,1,1,0,0,0,0
38,94,5,2,43.77250000000009,-79.16750000000043,0,0,1,1,0,0,0,0
42,64,8,3,43.7925000000001,-79.3175000000003,0,2,0,1,0,0,0,0
20,45,31,9,43.68250000000005,-79.41250000000021,1,3,3,1,0,1,0,0
39,58,3,1,43.777500000000096,-79.34750000000027,0,0,1,0,0,0,0,0
12,41,3,1,43.64250000000003,-79.43250000000019,0,0,1,0,0,0,0,0
31,54,0,0,43.737500000000075,-79.36750000000025,0,0,0,0,0,0,0,0
32,19,11,4,43.74250000000008,-79.54250000000009,0,2,1,1,0,0,0,0
23,50,30,9,43.697500000000055,-79.38750000000023,1,4,1,2,0,1,0,0
24,15,11,4,43.70250000000006,-79.56250000000007,0,2,1,1,0,0,0,0
16,11,10,3,43.66250000000004,-79.58250000000005,0,1,0,1,0,1,0,0
35,24,8,3,43.757500000000086,-79.51750000000011,0,2,0,1,0,0,0,0
34,65,8,3,43.75250000000008,-79.3125000000003,0,1,1,1,0,0,0,0
13,42,5,2,43.64750000000003,-79.4275000000002,0,0,1,1,0,0,0,0
45,74,5,2,43.80750000000011,-79.26750000000034,0,1,0,1,0,0,0,0
24,51,37,11,43.70250000000006,-79.38250000000023,1,5,3,1,0,1,0,0
37,70,22,6,43.76750000000009,-79.28750000000032,1,2,1,1,0,1,0,0
16,47,3,1,43.66250000000004,-79.40250000000022,0,0,1,0,0,0,0,0
17,12,10,3,43.66750000000004,-79.57750000000006,0,1,0,1,0,1,0,0
28,21,5,2,43.72250000000007,-79.5325000000001,0,0,1,1,0,0,0,0
26,60,3,1,43.71250000000006,-79.33750000000028,0,1,0,0,0,0,0,0
46,75,9,3,43.812500000000114,-79.26250000000034,0,2,1,0,0,0,0,0
38,71,21,6,43.77250000000009,-79.28250000000033,0,2,1,1,0,2,0,0
27,61,2,1,43.717500000000065,-79.33250000000028,0,0,0,1,0,0,0,0
19,57,8,3,43.677500000000045,-79.35250000000026,0,1,1,1,0,0,0,0
20,22,16,4,43.68250000000005,-79.5275000000001,1,1,0,1,0,1,0,0
12,18,25,7,43.64250000000003,-79.54750000000008,0,2,1,1,0,2,1,0
30,66,11,4,43.73250000000007,-79.3075000000003,0,2,1,1,0,0,0,0
31,31,6,2,43.737500000000075,-79.48250000000014,0,1,1,0,0,0,0,0
23,27,17,5,43.697500000000055,-79.50250000000013,0,2,0,1,0,1,1,0
41,81,8,3,43.7875000000001,-79.23250000000037,0,1,1,1,0,0,0,0
20,58,5,2,43.68250000000005,-79.34750000000027,0,1,0,1,0,0,0,0
33,77,34,9,43.74750000000008,-79.25250000000035,1,3,1,1,0,2,1,0
12,54,67,17,43.64250000000003,-79.36750000000025,2,5,4,1,1,0,2,2
13,19,16,5,43.64750000000003,-79.54250000000009,0,2,1,1,0,1,0,0
44,86,0,0,43.80250000000011,-79.2075000000004,0,0,0,0,0,0,0,0
23,63,6,2,43.697500000000055,-79.32250000000029,0,2,0,0,0,0,0,0
24,28,6,2,43.70250000000006,-79.49750000000013,0,2,0,0,0,0,0,0
16,24,13,4,43.66250000000004,-79.51750000000011,0,1,1,1,0,1,0,0
35,37,6,2,43.757500000000086,-79.45250000000017,0,2,0,0,0,0,0,0
22,67,6,2,43.69250000000005,-79.30250000000031,0,2,0,0,0,0,0,0
34,78,27,7,43.75250000000008,-79.24750000000036,1,2,1,1,0,2,0,0
45,87,2,1,43.80750000000011,-79.2025000000004,0,0,0,1,0,0,0,0
37,83,22,6,43.76750000000009,-79.22250000000038,0,1,1,1,0,2,1,0
38,48,35,10,43.77250000000009,-79.39750000000022,1,4,2,1,0,1,1,0
8,25,26,7,43.62250000000002,-79.51250000000012,1,2,1,1,0,1,1,0
26,73,31,8,43.71250000000006,-79.27250000000033,1,2,1,1,0,2,1,0
27,38,8,3,43.717500000000065,-79.44750000000018,0,2,0,1,0,0,0,0
18,69,8,3,43.67250000000004,-79.29250000000032,0,2,0,1,0,0,0,0
19,34,5,2,43.677500000000045,-79.46750000000016,0,0,1,1,0,0,0,0
30,43,9,3,43.73250000000007,-79.4225000000002,0,2,1,0,0,0,0,0
31,8,8,3,43.737500000000075,-79.59750000000004,0,1,1,1,0,0,0,0
42,54,5,2,43.7925000000001,-79.36750000000025,0,0,1,1,0,0,0,0
40,93,5,2,43.7825000000001,-79.17250000000043,0,1,0,1,0,0,0,0
19,70,3,1,43.677500000000045,-79.28750000000032,0,0,1,0,0,0,0,0
20,35,5,2,43.68250000000005,-79.46250000000016,0,0,1,1,0,0,0,0
12,31,5,2,43.64250000000003,-79.48250000000014,0,0,1,1,0,0,0,0
31,44,11,4,43.737500000000075,-79.4175000000002,0,2,1,1,0,0,0,0
32,9,5,2,43.74250000000008,-79.59250000000004,0,1,0,1,0,0,0,0
4,27,9,3,43.602500000000006,-79.50250000000013,0,2,1,0,0,0,0,0
23,40,6,2,43.697500000000055,-79.43750000000018,0,1,1,0,0,0,0,0
35,14,8,3,43.757500000000086,-79.56750000000007,0,2,0,1,0,0,0,0
41,94,8,3,43.7875000000001,-79.16750000000043,0,1,1,1,0,0,0,0
34,55,5,2,43.75250000000008,-79.36250000000025,0,0,1,1,0,0,0,0
44,99,8,3,43.80250000000011,-79.14250000000045,0,1,1,1,0,0,0,0
45,64,6,2,43.80750000000011,-79.3175000000003,0,1,1,0,0,0,0,0
28,11,3,1,43.72250000000007,-79.58250000000005,0,1,0,0,0,0,0,0
15,41,0,0,43.657500000000034,-79.43250000000019,0,0,0,0,0,0,0,0
26,50,29,8,43.71250000000006,-79.38750000000023,1,3,1,1,0,1,0,1
27,15,5,2,43.717500000000065,-79.56250000000007,0,1,0,1,0,0,0,0
46,65,2,1,43.812500000000114,-79.3125000000003,0,0,0,1,0,0,0,0
18,46,34,9,43.67250000000004,-79.40750000000021,2,4,1,1,0,1,0,0
38,61,6,2,43.77250000000009,-79.33250000000028,0,2,0,0,0,0,0,0
30,20,2,1,43.73250000000007,-79.5375000000001,0,0,0,1,0,0,0,0
49,70,5,2,43.82750000000012,-79.28750000000032,0,0,1,1,0,0,0,0
48,74,3,1,43.82250000000012,-79.26750000000034,0,1,0,0,0,0,0,0
19,47,36,9,43.677500000000045,-79.40250000000022,2,2,1,1,0,1,1,1
39,25,9,3,43.777500000000096,-79.51250000000012,0,2,1,0,0,0,0,0
11,43,2,1,43.637500000000024,-79.4225000000002,0,0,0,1,0,0,0,0
30,56,6,2,43.73250000000007,-79.35750000000026,0,1,1,0,0,0,0,0
23,17,25,7,43.697500000000055,-79.55250000000008,0,3,0,1,0,2,1,0
41,71,0,0,43.7875000000001,-79.28250000000033,0,0,0,0,0,0,0,0
25,63,2,1,43.70750000000006,-79.32250000000029,0,0,0,1,0,0,0,0
44,76,6,2,43.80250000000011,-79.25750000000035,0,2,0,0,0,0,0,0
24,18,6,2,43.70250000000006,-79.54750000000008,0,1,1,0,0,0,0,0
37,37,8,3,43.76750000000009,-79.45250000000017,0,1,1,1,0,0,0,0
16,14,15,4,43.66250000000004,-79.56750000000007,0,1,0,1,0,2,0,0
22,57,5,2,43.69250000000005,-79.35250000000026,0,1,0,1,0,0,0,0
14,53,70,21,43.65250000000003,-79.37250000000024,2,6,6,3,0,0,2,2
34,68,26,7,43.75250000000008,-79.29750000000031,1,2,1,1,0,1,1,0
26,27,11,4,43.71250000000006,-79.50250000000013,0,2,1,1,0,0,0,0
37,73,21,6,43.76750000000009,-79.27250000000033,0,2,1,1,0,2,0,0
38,38,37,11,43.77250000000009,-79.44750000000018,2,4,3,2,0,0,0,0
15,54,58,17,43.657500000000034,-79.36750000000025,2,8,4,1,0,0,1,1
47,86,5,2,43.817500000000116,-79.2075000000004,0,1,0,1,0,0,0,0
26,63,8,3,43.71250000000006,-79.32250000000029,0,2,0,1,0,0,0,0
27,28,0,0,43.717500000000065,-79.49750000000013,0,0,0,0,0,0,0,0
18,59,6,2,43.67250000000004,-79.34250000000027,0,1,1,0,0,0,0,0
19,24,25,6,43.677500000000045,-79.51750000000011,1,1,0,1,0,2,1,0
11,20,10,3,43.637500000000024,-79.5375000000001,0,1,0,1,0,1,0,0
29,74,27,7,43.72750000000007,-79.26750000000034,1,2,1,1,0,2,0,0
48,87,2,1,43.82250000000012,-79.2025000000004,0,0,0,1,0,0,0,0
21,70,9,3,43.68750000000005,-79.28750000000032,0,2,1,0,0,0,0,0
40,83,6,2,43.7825000000001,-79.22250000000038,0,2,0,0,0,0,0,0
41,48,2,1,43.7875000000001,-79.39750000000022,0,0,0,1,0,0,0,0
20,25,17,5,43.68250000000005,-79.51250000000012,0,1,1,1,0,1,1,0
12,21,23,6,43.64250000000003,-79.5325000000001,1,2,0,1,0,1,1,0
4,17,8,3,43.602500000000006,-79.55250000000008,0,2,0,1,0,0,0,0
22,34,5,2,43.69250000000005,-79.46750000000016,0,1,0,1,0,0,0,0
41,84,6,2,43.7875000000001,-79.21750000000038,0,1,1,0,0,0,0,0
33,80,17,5,43.74750000000008,-79.23750000000037,0,1,1,1,0,1,1,0
25,76,17,5,43.70750000000006,-79.25750000000035,0,1,1,1,0,1,1,0
44,89,8,3,43.80250000000011,-79.19250000000041,0,2,0,1,0,0,0,0
45,54,6,2,43.80750000000011,-79.36750000000025,0,1,1,0,0,0,0,0
37,50,30,9,43.76750000000009,-79.38750000000023,1,4,2,1,0,0,1,0
43,93,3,1,43.797500000000106,-79.17250000000043,0,1,0,0,0,0,0,0
22,70,8,3,43.69250000000005,-79.28750000000032,0,2,0,1,0,0,0,0
15,31,3,1,43.657500000000034,-79.48250000000014,0,0,1,0,0,0,0,0
7,27,2,1,43.617500000000014,-79.50250000000013,0,0,0,1,0,0,0,0
26,40,2,1,43.71250000000006,-79.43750000000018,0,0,0,1,0,0,0,0
18,36,11,4,43.67250000000004,-79.45750000000017,0,2,1,1,0,0,0,0
30,10,2,1,43.73250000000007,-79.58750000000005,0,0,0,1,0,0,0,0
36,90,6,2,43.76250000000009,-79.18750000000041,0,1,1,0,0,0,0,0
8,28,6,2,43.62250000000002,-79.49750000000013,0,2,0,0,0,0,0,0
40,60,6,2,43.7825000000001,-79.33750000000028,0,2,0,0,0,0,0,0
19,37,3,1,43.677500000000045,-79.45250000000017,0,1,0,0,0,0,0,0
11,33,3,1,43.637500000000024,-79.47250000000015,0,0,1,0,0,0,0,0
31,11,8,3,43.737500000000075,-79.58250000000005,0,1,1,1,0,0,0,0
23,7,3,1,43.697500000000055,-79.60250000000003,0,1,0,0,0,0,0,0
40,96,11,4,43.7825000000001,-79.15750000000044,0,2,1,1,0,0,0,0
41,61,0,0,43.7875000000001,-79.33250000000028,0,0,0,0,0,0,0,0
25,53,8,3,43.70750000000006,-79.37250000000024,0,2,0,1,0,0,0,0
39,100,0,0,43.777500000000096,-79.13750000000046,0,0,0,0,0,0,0,0
44,66,5,2,43.80250000000011,-79.3075000000003,0,1,0,1,0,0,0,0
37,27,8,3,43.76750000000009,-79.50250000000013,0,2,0,1,0,0,0,0
22,47,33,9,43.69250000000005,-79.40250000000022,1,2,2,1,0,1,1,1
14,43,6,2,43.65250000000003,-79.4225000000002,0,1,1,0,0,0,0,0
26,17,2,1,43.71250000000006,-79.55250000000008,0,0,0,1,0,0,0,0
18,13,22,6,43.67250000000004,-79.57250000000006,1,2,1,1,0,1,0,0
38,28,5,2,43.77250000000009,-79.49750000000013,0,1,0,1,0,0,0,0
36,67,6,2,43.76250000000009,-79.30250000000031,0,1,1,0,0,0,0,0
15,44,3,1,43.657500000000034,-79.4175000000002,0,0,1,0,0,0,0,0
27,18,5,2,43.717500000000065,-79.54750000000008,0,1,0,1,0,0,0,0
18,49,43,12,43.67250000000004,-79.39250000000023,2,4,2,2,0,1,0,1
19,14,25,7,43.677500000000045,-79.56750000000007,0,2,1,1,0,2,1,0
30,23,2,1,43.73250000000007,-79.52250000000011,0,0,0,1,0,0,0,0
29,64,8,3,43.72750000000007,-79.3175000000003,0,1,1,1,0,0,0,0
21,60,6,2,43.68750000000005,-79.33750000000028,0,2,0,0,0,0,0,0
40,73,9,3,43.7825000000001,-79.27250000000033,0,2,1,0,0,0,0,0
41,38,3,1,43.7875000000001,-79.44750000000018,0,1,0,0,0,0,0,0
12,11,22,6,43.64250000000003,-79.58250000000005,0,2,0,1,0,2,1,0
25,30,8,3,43.70750000000006,-79.48750000000014,0,1,1,1,0,0,0,0
22,24,25,7,43.69250000000005,-79.51750000000011,0,2,1,1,0,2,1,0
14,20,27,7,43.65250000000003,-79.5375000000001,1,3,0,1,0,2,0,0
34,35,9,3,43.75250000000008,-79.46250000000016,0,2,1,0,0,0,0,0
25,66,0,0,43.70750000000006,-79.3075000000003,0,0,0,0,0,0,0,0
32,74,25,6,43.74250000000008,-79.26750000000034,1,1,0,1,0,2,1,0
37,40,39,11,43.76750000000009,-79.43750000000018,1,3,3,1,0,1,1,1
43,83,9,3,43.797500000000106,-79.22250000000038,0,2,1,0,0,0,0,0
35,79,29,8,43.757500000000086,-79.24250000000036,1,3,1,1,0,1,1,0
14,56,5,2,43.65250000000003,-79.35750000000026,0,0,1,1,0,0,0,0
15,21,17,5,43.657500000000034,-79.5325000000001,0,2,0,1,0,1,1,0
7,17,5,2,43.617500000000014,-79.55250000000008,0,0,1,1,0,0,0,0
26,30,3,1,43.71250000000006,-79.48750000000014,0,0,1,0,0,0,0,0
17,67,5,2,43.66750000000004,-79.30250000000031,0,0,1,1,0,0,0,0
36,80,28,8,43.76250000000009,-79.23750000000037,0,3,1,1,0,2,1,0
28,76,25,7,43.72250000000007,-79.25750000000035,1,3,1,1,0,1,0,0
29,41,3,1,43.72750000000007,-79.43250000000019,0,0,1,0,0,0,0,0
8,18,25,6,43.62250000000002,-79.54750000000008,1,1,0,1,0,2,1,0
21,37,8,3,43.68750000000005,-79.45250000000017,0,2,0,1,0,0,0,0
40,50,9,3,43.7825000000001,-79.38750000000023,0,2,1,0,0,0,0,0
11,23,30,8,43.637500000000024,-79.52250000000011,1,3,1,1,0,2,0,0
10,27,34,9,43.63250000000002,-79.50250000000013,1,3,1,1,0,2,1,0
42,96,3,1,43.7925000000001,-79.15750000000044,0,0,1,0,0,0,0,0
21,73,6,2,43.68750000000005,-79.27250000000033,0,2,0,0,0,0,0,0
41,51,3,1,43.7875000000001,-79.38250000000023,0,0,1,0,0,0,0,0
33,47,29,9,43.74750000000008,-79.40250000000022,1,4,1,2,0,0,0,1
34,12,0,0,43.75250000000008,-79.57750000000006,0,0,0,0,0,0,0,0
25,43,11,4,43.70750000000006,-79.4225000000002,0,2,1,1,0,0,0,0
39,90,5,2,43.777500000000096,-79.18750000000041,0,0,1,1,0,0,0,0
44,56,9,3,43.80250000000011,-79.35750000000026,0,2,1,0,0,0,0,0
31,86,25,7,43.737500000000075,-79.2075000000004,1,3,1,1,0,1,0,0
37,17,9,3,43.76750000000009,-79.55250000000008,0,2,1,0,0,0,0,0
3,24,5,2,43.597500000000004,-79.51750000000011,0,0,1,1,0,0,0,0
43,60,6,2,43.797500000000106,-79.33750000000028,0,1,1,0,0,0,0,0
22,37,8,3,43.69250000000005,-79.45250000000017,0,2,0,1,0,0,0,0
14,33,3,1,43.65250000000003,-79.47250000000015,0,0,1,0,0,0,0,0
32,87,27,7,43.74250000000008,-79.2025000000004,1,3,0,1,0,2,0,0
38,18,2,1,43.77250000000009,-79.54750000000008,0,0,0,1,0,0,0,0
43,96,0,0,43.797500000000106,-79.15750000000044,0,0,0,0,0,0,0,0
17,44,0,0,43.66750000000004,-79.4175000000002,0,0,0,0,0,0,0,0
35,92,8,3,43.757500000000086,-79.17750000000042,0,1,1,1,0,0,0,0
36,57,0,0,43.76250000000009,-79.35250000000026,0,0,0,0,0,0,0,0
7,30,6,2,43.617500000000014,-79.48750000000014,0,1,1,0,0,0,0,0
47,66,5,2,43.817500000000116,-79.3075000000003,0,0,1,1,0,0,0,0
27,8,3,1,43.717500000000065,-79.59750000000004,0,1,0,0,0,0,0,0
21,50,27,8,43.68750000000005,-79.38750000000023,1,3,2,1,0,0,1,0
40,63,5,2,43.7825000000001,-79.32250000000029,0,1,0,1,0,0,0,0
33,24,11,4,43.74750000000008,-79.51750000000011,0,2,1,1,0,0,0,0
25,20,9,3,43.70750000000006,-79.5375000000001,0,2,1,0,0,0,0,0
10,40,9,3,43.63250000000002,-79.43750000000018,0,2,1,0,0,0,0,0
22,14,10,3,43.69250000000005,-79.56750000000007,0,1,0,1,0,1,0,0
34,25,11,4,43.75250000000008,-79.51250000000012,0,2,1,1,0,0,0,0
13,51,91,26,43.64750000000003,-79.38250000000023,4,11,6,2,0,0,1,2
32,64,3,1,43.74250000000008,-79.3175000000003,0,1,0,0,0,0,0,0
43,73,8,3,43.797500000000106,-79.27250000000033,0,1,1,1,0,0,0,0
16,56,5,2,43.66250000000004,-79.35750000000026,0,1,0,1,0,0,0,0
35,69,22,6,43.757500000000086,-79.29250000000032,1,2,1,1,0,1,0,0
36,34,6,2,43.76250000000009,-79.46750000000016,0,1,1,0,0,0,0,0
15,11,16,5,43.657500000000034,-79.58250000000005,0,3,0,1,0,1,0,0
26,20,8,3,43.71250000000006,-79.5375000000001,0,2,0,1,0,0,0,0
18,16,14,4,43.67250000000004,-79.55750000000008,0,1,0,1,0,1,1,0
17,57,11,4,43.66750000000004,-79.35250000000026,0,2,1,1,0,0,0,0
36,70,16,4,43.76250000000009,-79.28750000000032,1,1,0,1,0,1,0,0
28,66,9,3,43.72250000000007,-79.3075000000003,0,2,1,0,0,0,0,0
29,31,11,4,43.72750000000007,-79.48250000000014,0,2,1,1,0,0,0,0
21,27,25,7,43.68750000000005,-79.50250000000013,0,2,1,1,0,2,1,0
40,40,3,1,43.7825000000001,-79.43750000000018,0,0,1,0,0,0,0,0
33,1,11,4,43.74750000000008,-79.63250000000001,0,2,1,1,0,0,0,0
10,17,34,9,43.63250000000002,-79.55250000000008,1,3,1,1,0,2,1,0
42,86,6,2,43.7925000000001,-79.2075000000004,0,1,1,0,0,0,0,0
33,37,8,3,43.74750000000008,-79.45250000000017,0,1,1,1,0,0,0,0
25,33,3,1,43.70750000000006,-79.47250000000015,0,0,1,0,0,0,0,0
20,67,11,4,43.68250000000005,-79.30250000000031,0,2,1,1,0,0,0,0
31,76,22,6,43.737500000000075,-79.25750000000035,1,3,0,1,0,1,0,0
32,41,30,9,43.74250000000008,-79.43250000000019,1,2,2,2,0,0,1,1
23,72,8,3,43.697500000000055,-79.27750000000033,0,2,0,1,0,0,0,0
43,50,2,1,43.797500000000106,-79.38750000000023,0,0,0,1,0,0,0,0
22,27,25,7,43.69250000000005,-79.50250000000013,0,2,1,1,0,2,1,0
35,46,31,8,43.757500000000086,-79.40750000000021,2,2,1,1,0,0,1,1
14,23,13,4,43.65250000000003,-79.52250000000011,0,2,0,1,0,1,0,0
32,77,27,7,43.74250000000008,-79.25250000000035,1,2,1,1,0,2,0,0
24,73,25,6,43.70250000000006,-79.27250000000033,1,1,0,1,0,2,1,0
17,34,6,2,43.66750000000004,-79.46750000000016,0,1,1,0,0,0,0,0
35,82,22,6,43.757500000000086,-79.22750000000038,1,2,1,1,0,1,0,0
36,47,42,12,43.76250000000009,-79.40250000000022,2,5,2,2,0,1,0,0
9,30,9,3,43.62750000000002,-79.48750000000014,0,2,1,0,0,0,0,0
28,43,8,3,43.72250000000007,-79.4225000000002,0,2,0,1,0,0,0,0
6,24,9,3,43.61250000000001,-79.51750000000011,0,2,1,0,0,0,0,0
38,93,0,0,43.77250000000009,-79.17250000000043,0,0,0,0,0,0,0,0
29,44,8,3,43.72750000000007,-79.4175000000002,0,1,1,1,0,0,0,0
42,63,9,3,43.7925000000001,-79.32250000000029,0,2,1,0,0,0,0,0
21,40,6,2,43.68750000000005,-79.43750000000018,0,1,1,0,0,0,0,0
33,14,6,2,43.74750000000008,-79.56750000000007,0,2,0,0,0,0,0,0
25,10,3,1,43.70750000000006,-79.58750000000005,0,1,0,0,0,0,0,0
39,57,9,3,43.777500000000096,-79.35250000000026,0,2,1,0,0,0,0,0
31,53,3,1,43.737500000000075,-79.37250000000024,0,1,0,0,0,0,0,0
10,30,0,0,43.63250000000002,-79.48750000000014,0,0,0,0,0,0,0,0
42,99,3,1,43.7925000000001,-79.14250000000045,0,1,0,0,0,0,0,0
13,41,6,2,43.64750000000003,-79.43250000000019,0,2,0,0,0,0,0,0
32,54,9,3,43.74250000000008,-79.36750000000025,0,2,1,0,0,0,0,0
24,50,33,9,43.70250000000006,-79.38750000000023,2,3,1,2,0,1,0,0
43,63,8,3,43.797500000000106,-79.32250000000029,0,1,1,1,0,0,0,0
16,46,5,2,43.66250000000004,-79.40750000000021,0,0,1,1,0,0,0,0
35,59,3,1,43.757500000000086,-79.34250000000027,0,1,0,0,0,0,0,0
36,24,2,1,43.76250000000009,-79.51750000000011,0,0,0,1,0,0,0,0
28,20,11,4,43.72250000000007,-79.5375000000001,0,2,1,1,0,0,0,0
46,74,6,2,43.812500000000114,-79.26750000000034,0,1,1,0,0,0,0,0
38,70,20,6,43.77250000000009,-79.28750000000032,0,3,0,1,0,1,1,0
17,47,0,0,43.66750000000004,-79.40250000000022,0,0,0,0,0,0,0,0
49,79,5,2,43.82750000000012,-79.24250000000036,0,0,1,1,0,0,0,0
29,21,6,2,43.72750000000007,-79.5325000000001,0,1,1,0,0,0,0,0
21,17,22,6,43.68750000000005,-79.55250000000008,1,2,1,1,0,1,0,0
40,30,2,1,43.7825000000001,-79.48750000000014,0,0,0,1,0,0,0,0
27,60,6,2,43.717500000000065,-79.33750000000028,0,2,0,0,0,0,0,0
30,65,8,3,43.73250000000007,-79.3125000000003,0,1,1,1,0,0,0,0
50,80,3,1,43.832500000000124,-79.23750000000037,0,0,1,0,0,0,0,0
42,76,8,3,43.7925000000001,-79.25750000000035,0,2,0,1,0,0,0,0
20,57,8,3,43.68250000000005,-79.35250000000026,0,1,1,1,0,0,0,0
39,70,28,8,43.777500000000096,-79.28750000000032,0,3,1,1,0,2,1,0
12,53,75,21,43.64250000000003,-79.37250000000024,4,6,5,3,0,0,2,1
31,66,6,2,43.737500000000075,-79.3075000000003,0,2,0,0,0,0,0,0
23,62,5,2,43.697500000000055,-79.32750000000028,0,1,0,1,0,0,0,0
24,27,3,1,43.70250000000006,-79.50250000000013,0,0,1,0,0,0,0,0
35,36,0,0,43.757500000000086,-79.45750000000017,0,0,0,0,0,0,0,0
34,77,17,5,43.75250000000008,-79.25250000000035,0,1,1,1,0,1,1,0
13,54,81,21,43.64750000000003,-79.36750000000025,3,8,5,1,1,0,1,2
45,86,6,2,43.80750000000011,-79.2075000000004,0,1,1,0,0,0,0,0
24,63,5,2,43.70250000000006,-79.32250000000029,0,0,1,1,0,0,0,0
37,82,10,3,43.76750000000009,-79.22750000000038,0,1,0,1,0,1,0,0
16,59,11,4,43.66250000000004,-79.34250000000027,0,2,1,1,0,0,0,0
17,24,17,5,43.66750000000004,-79.51750000000011,0,1,1,1,0,1,1,0
36,37,0,0,43.76250000000009,-79.45250000000017,0,0,0,0,0,0,0,0
28,33,3,1,43.72250000000007,-79.47250000000015,0,0,1,0,0,0,0,0
26,72,34,9,43.71250000000006,-79.27750000000033,1,3,1,1,0,2,1,0
46,87,5,2,43.812500000000114,-79.2025000000004,0,1,0,1,0,0,0,0
38,83,19,5,43.77250000000009,-79.22250000000038,1,2,0,1,0,1,0,0
49,92,3,1,43.82750000000012,-79.17750000000042,0,1,0,0,0,0,0,0
42,53,6,2,43.7925000000001,-79.37250000000024,0,1,1,0,0,0,0,0
21,30,8,3,43.68750000000005,-79.48750000000014,0,1,1,1,0,0,0,0
27,73,10,3,43.717500000000065,-79.27250000000033,0,1,0,1,0,1,0,0
33,4,8,3,43.74750000000008,-79.61750000000002,0,1,1,1,0,0,0,0
19,69,6,2,43.677500000000045,-79.29250000000032,0,2,0,0,0,0,0,0
20,34,5,2,43.68250000000005,-79.46750000000016,0,0,1,1,0,0,0,0
39,47,32,9,43.777500000000096,-79.40250000000022,2,3,1,2,0,0,1,0
30,78,21,6,43.73250000000007,-79.24750000000036,0,2,1,1,0,2,0,0
31,43,5,2,43.737500000000075,-79.4225000000002,0,1,0,1,0,0,0,0
32,8,3,1,43.74250000000008,-79.59750000000004,0,0,1,0,0,0,0,0
23,39,9,3,43.697500000000055,-79.44250000000018,0,2,1,0,0,0,0,0
41,93,6,2,43.7875000000001,-79.17250000000043,0,1,1,0,0,0,0,0
20,70,6,2,43.68250000000005,-79.28750000000032,0,2,0,0,0,0,0,0
13,31,0,0,43.64750000000003,-79.48250000000014,0,0,0,0,0,0,0,0
44,98,8,3,43.80250000000011,-79.14750000000045,0,2,0,1,0,0,0,0
32,44,47,13,43.74250000000008,-79.4175000000002,2,4,2,2,0,1,1,1
23,75,5,2,43.697500000000055,-79.26250000000034,0,0,1,1,0,0,0,0
24,40,3,1,43.70250000000006,-79.43750000000018,0,1,0,0,0,0,0,0
43,53,8,3,43.797500000000106,-79.37250000000024,0,2,0,1,0,0,0,0
16,36,0,0,43.66250000000004,-79.45750000000017,0,0,0,0,0,0,0,0
35,49,42,13,43.757500000000086,-79.39250000000023,1,5,3,2,0,0,1,1
36,14,6,2,43.76250000000009,-79.56750000000007,0,2,0,0,0,0,0,0
28,10,11,4,43.72250000000007,-79.58750000000005,0,2,1,1,0,0,0,0
34,90,2,1,43.75250000000008,-79.18750000000041,0,0,0,1,0,0,0,0
5,26,3,1,43.60750000000001,-79.50750000000012,0,0,1,0,0,0,0,0
46,64,8,3,43.812500000000114,-79.3175000000003,0,1,1,1,0,0,0,0
37,95,9,3,43.76750000000009,-79.16250000000043,0,2,1,0,0,0,0,0
38,60,3,1,43.77250000000009,-79.33750000000028,0,1,0,0,0,0,0,0
17,37,2,1,43.66750000000004,-79.45250000000017,0,0,0,1,0,0,0,0
49,69,9,3,43.82750000000012,-79.29250000000032,0,2,1,0,0,0,0,0
29,11,5,2,43.72750000000007,-79.58250000000005,0,0,1,1,0,0,0,0
21,7,5,2,43.68750000000005,-79.60250000000003,0,0,1,1,0,0,0,0
27,50,40,11,43.717500000000065,-79.38750000000023,2,3,2,2,0,1,1,0
19,46,37,10,43.677500000000045,-79.40750000000021,2,2,2,2,0,1,1,0
39,24,3,1,43.777500000000096,-79.51750000000011,0,0,1,0,0,0,0,0
42,66,6,2,43.7925000000001,-79.3075000000003,0,1,1,0,0,0,0,0
20,47,30,9,43.68250000000005,-79.40250000000022,1,3,1,2,0,0,1,1
39,60,6,2,43.777500000000096,-79.33750000000028,0,2,0,0,0,0,0,0
12,43,8,3,43.64250000000003,-79.4225000000002,0,1,1,1,0,0,0,0
31,56,5,2,43.737500000000075,-79.35750000000026,0,0,1,1,0,0,0,0
32,21,5,2,43.74250000000008,-79.5325000000001,0,0,1,1,0,0,0,0
23,52,5,2,43.697500000000055,-79.37750000000024,0,0,1,1,0,0,0,0
24,17,5,2,43.70250000000006,-79.55250000000008,0,0,1,1,0,0,0,0
16,13,30,8,43.66250000000004,-79.57250000000006,1,3,1,1,0,2,0,0
35,26,11,4,43.757500000000086,-79.50750000000012,0,2,1,1,0,0,0,0
34,67,5,2,43.75250000000008,-79.30250000000031,0,1,0,1,0,0,0,0
13,44,8,3,43.64750000000003,-79.4175000000002,0,2,0,1,0,0,0,0
45,76,3,1,43.80750000000011,-79.25750000000035,0,1,0,0,0,0,0,0
37,72,24,6,43.76750000000009,-79.27750000000033,1,1,1,1,0,2,0,0
16,49,86,22,43.66250000000004,-79.39250000000023,4,8,4,2,1,0,1,2
28,23,8,3,43.72250000000007,-79.52250000000011,0,1,1,1,0,0,0,0
15,53,77,20,43.657500000000034,-79.37250000000024,3,7,4,2,1,0,1,2
26,62,6,2,43.71250000000006,-79.32750000000028,0,1,1,0,0,0,0,0
46,77,5,2,43.812500000000114,-79.25250000000035,0,0,1,1,0,0,0,0
18,58,3,1,43.67250000000004,-79.34750000000027,0,0,1,0,0,0,0,0
38,73,16,5,43.77250000000009,-79.27250000000033,0,2,1,1,0,1,0,0
49,82,2,1,43.82750000000012,-79.22750000000038,0,0,0,1,0,0,0,0
42,43,8,3,43.7925000000001,-79.4225000000002,0,2,0,1,0,0,0,0
48,86,3,1,43.82250000000012,-79.2075000000004,0,0,1,0,0,0,0,0
19,59,3,1,43.677500000000045,-79.34250000000027,0,1,0,0,0,0,0,0
20,24,27,7,43.68250000000005,-79.51750000000011,1,2,1,1,0,2,0,0
39,37,2,1,43.777500000000096,-79.45250000000017,0,0,0,1,0,0,0,0
12,20,24,7,43.64250000000003,-79.5375000000001,0,3,1,1,0,2,0,0
30,68,21,5,43.73250000000007,-79.29750000000031,1,1,0,1,0,2,0,0
23,29,3,1,43.697500000000055,-79.49250000000013,0,1,0,0,0,0,0,0
41,83,9,3,43.7875000000001,-79.22250000000038,0,2,1,0,0,0,0,0
33,79,25,7,43.74750000000008,-79.24250000000036,1,3,1,1,0,1,0,0
13,21,10,3,43.64750000000003,-79.5325000000001,0,1,0,1,0,1,0,0
25,75,34,9,43.70750000000006,-79.26250000000034,1,3,1,1,0,2,1,0
44,88,11,4,43.80250000000011,-79.1975000000004,0,2,1,1,0,0,0,0
45,53,2,1,43.80750000000011,-79.37250000000024,0,0,0,1,0,0,0,0
24,30,6,2,43.70250000000006,-79.48750000000014,0,2,0,0,0,0,0,0
16,26,13,4,43.66250000000004,-79.50750000000012,0,2,0,1,0,1,0,0
22,69,6,2,43.69250000000005,-79.29250000000032,0,1,1,0,0,0,0,0
34,80,21,6,43.75250000000008,-79.23750000000037,0,3,0,1,0,2,0,0
5,16,5,2,43.60750000000001,-79.55750000000008,0,0,1,1,0,0,0,0
37,85,20,6,43.76750000000009,-79.21250000000039,0,3,0,1,0,1,1,0
38,50,40,11,43.77250000000009,-79.38750000000023,2,4,1,2,0,1,1,0
8,27,19,5,43.62250000000002,-79.50250000000013,1,2,0,1,0,1,0,0
26,75,16,4,43.71250000000006,-79.26250000000034,1,1,0,1,0,1,0,0
27,40,5,2,43.717500000000065,-79.43750000000018,0,1,0,1,0,0,0,0
18,71,6,2,43.67250000000004,-79.28250000000033,0,1,1,0,0,0,0,0
19,36,6,2,43.677500000000045,-79.45750000000017,0,2,0,0,0,0,0,0
11,32,6,2,43.637500000000024,-79.47750000000015,0,2,0,0,0,0,0,0
30,45,3,1,43.73250000000007,-79.41250000000021,0,0,1,0,0,0,0,0
31,10,9,3,43.737500000000075,-79.58750000000005,0,2,1,0,0,0,0,0
42,56,5,2,43.7925000000001,-79.35750000000026,0,1,0,1,0,0,0,0
40,95,6,2,43.7825000000001,-79.16250000000043,0,2,0,0,0,0,0,0
41,60,2,1,43.7875000000001,-79.33750000000028,0,0,0,1,0,0,0,0
20,37,5,2,43.68250000000005,-79.45250000000017,0,0,1,1,0,0,0,0
12,33,6,2,43.64250000000003,-79.47250000000015,0,2,0,0,0,0,0,0
32,11,3,1,43.74250000000008,-79.58250000000005,0,1,0,0,0,0,0,0
44,65,8,3,43.80250000000011,-79.3125000000003,0,1,1,1,0,0,0,0
23,42,9,3,43.697500000000055,-79.4275000000002,0,2,1,0,0,0,0,0
4,29,8,3,43.602500000000006,-79.49250000000013,0,2,0,1,0,0,0,0
35,16,5,2,43.757500000000086,-79.55750000000008,0,0,1,1,0,0,0,0
41,96,9,3,43.7875000000001,-79.15750000000044,0,2,1,0,0,0,0,0
34,57,9,3,43.75250000000008,-79.35250000000026,0,2,1,0,0,0,0,0
45,66,8,3,43.80750000000011,-79.3075000000003,0,2,0,1,0,0,0,0
37,62,11,4,43.76750000000009,-79.32750000000028,0,2,1,1,0,0,0,0
38,27,8,3,43.77250000000009,-79.50250000000013,0,2,0,1,0,0,0,0
15,43,3,1,43.657500000000034,-79.4225000000002,0,1,0,0,0,0,0,0
26,52,8,3,43.71250000000006,-79.37750000000024,0,1,1,1,0,0,0,0
27,17,5,2,43.717500000000065,-79.55250000000008,0,1,0,1,0,0,0,0
18,48,40,11,43.67250000000004,-79.39750000000022,2,2,3,2,0,1,0,1
19,13,25,7,43.677500000000045,-79.57250000000006,1,3,1,1,0,1,0,0
38,63,8,3,43.77250000000009,-79.32250000000029,0,2,0,1,0,0,0,0
48,76,5,2,43.82250000000012,-79.25750000000035,0,0,1,1,0,0,0,0
27,53,8,3,43.717500000000065,-79.37250000000024,0,1,1,1,0,0,0,0
40,72,6,2,43.7825000000001,-79.27750000000033,0,2,0,0,0,0,0,0
19,49,27,8,43.677500000000045,-79.39250000000023,1,3,1,2,0,1,0,0
20,14,18,5,43.68250000000005,-79.56750000000007,0,1,1,1,0,2,0,0
39,27,6,2,43.777500000000096,-79.50250000000013,0,1,1,0,0,0,0,0
11,45,2,1,43.637500000000024,-79.41250000000021,0,0,0,1,0,0,0,0
30,58,5,2,43.73250000000007,-79.34750000000027,0,1,0,1,0,0,0,0
12,10,16,4,43.64250000000003,-79.58750000000005,1,1,0,1,0,1,0,0
31,23,6,2,43.737500000000075,-79.52250000000011,0,1,1,0,0,0,0,0
23,19,17,5,43.697500000000055,-79.54250000000009,0,1,1,1,0,1,1,0
41,73,0,0,43.7875000000001,-79.27250000000033,0,0,0,0,0,0,0,0
33,69,26,7,43.74750000000008,-79.29250000000032,1,2,1,1,0,1,1,0
34,34,2,1,43.75250000000008,-79.46750000000016,0,0,0,1,0,0,0,0
25,65,8,3,43.70750000000006,-79.3125000000003,0,1,1,1,0,0,0,0
13,11,19,5,43.64750000000003,-79.58250000000005,0,1,0,1,0,2,1,0
37,39,28,9,43.76750000000009,-79.44250000000018,1,4,2,2,0,0,0,0
22,59,8,3,43.69250000000005,-79.34250000000027,0,1,1,1,0,0,0,0
14,55,70,18,43.65250000000003,-79.36250000000025,3,4,4,3,1,0,1,2
15,20,18,5,43.657500000000034,-79.5375000000001,0,1,1,1,0,2,0,0
34,70,18,5,43.75250000000008,-79.28750000000032,0,1,1,1,0,2,0,0
26,29,2,1,43.71250000000006,-79.49250000000013,0,0,0,1,0,0,0,0
18,25,20,6,43.67250000000004,-79.51250000000012,0,2,1,1,0,1,1,0
37,75,21,6,43.76750000000009,-79.26250000000034,0,2,1,1,0,2,0,0
38,40,27,8,43.77250000000009,-79.43750000000018,1,3,2,1,0,0,0,1
36,79,28,8,43.76250000000009,-79.24250000000036,0,3,1,1,0,2,1,0
15,56,6,2,43.657500000000034,-79.35750000000026,0,2,0,0,0,0,0,0
47,88,5,2,43.817500000000116,-79.1975000000004,0,1,0,1,0,0,0,0
8,17,19,5,43.62250000000002,-79.55250000000008,1,1,1,1,0,1,0,0
26,65,6,2,43.71250000000006,-79.3125000000003,0,2,0,0,0,0,0,0
27,30,0,0,43.717500000000065,-79.48750000000014,0,0,0,0,0,0,0,0
18,61,8,3,43.67250000000004,-79.33250000000028,0,1,1,1,0,0,0,0
19,26,22,6,43.677500000000045,-79.50750000000012,0,1,1,1,0,2,1,0
11,22,34,9,43.637500000000024,-79.5275000000001,1,3,1,1,0,2,1,0
30,35,8,3,43.73250000000007,-79.46250000000016,0,1,1,1,0,0,0,0
29,76,16,4,43.72750000000007,-79.25750000000035,1,1,0,1,0,1,0,0
21,72,2,1,43.68750000000005,-79.27750000000033,0,0,0,1,0,0,0,0
41,50,5,2,43.7875000000001,-79.38750000000023,0,1,0,1,0,0,0,0
33,46,38,11,43.74750000000008,-79.40750000000021,1,3,2,2,0,1,1,1
12,23,17,5,43.64250000000003,-79.52250000000011,0,1,1,1,0,1,1,0
44,55,3,1,43.80250000000011,-79.36250000000025,0,0,1,0,0,0,0,0
4,19,5,2,43.602500000000006,-79.54250000000009,0,1,0,1,0,0,0,0
35,6,5,2,43.757500000000086,-79.60750000000003,0,0,1,1,0,0,0,0
22,36,3,1,43.69250000000005,-79.45750000000017,0,1,0,0,0,0,0,0
33,82,18,5,43.74750000000008,-79.22750000000038,0,2,0,1,0,2,0,0
34,47,29,9,43.75250000000008,-79.40250000000022,1,2,3,2,0,0,0,1
25,78,31,8,43.70750000000006,-79.24750000000036,1,3,0,1,0,2,1,0
45,56,3,1,43.80750000000011,-79.35750000000026,0,1,0,0,0,0,0,0
37,52,11,4,43.76750000000009,-79.37750000000024,0,2,1,1,0,0,0,0
32,86,23,6,43.74250000000008,-79.2075000000004,1,1,1,1,0,1,1,0
43,95,8,3,43.797500000000106,-79.16250000000043,0,2,0,1,0,0,0,0
22,72,9,3,43.69250000000005,-79.27750000000033,0,2,1,0,0,0,0,0
35,91,6,2,43.757500000000086,-79.18250000000042,0,1,1,0,0,0,0,0
15,33,5,2,43.657500000000034,-79.47250000000015,0,1,0,1,0,0,0,0
7,29,8,3,43.617500000000014,-79.49250000000013,0,1,1,1,0,0,0,0
26,42,11,4,43.71250000000006,-79.4275000000002,0,2,1,1,0,0,0,0
27,7,0,0,43.717500000000065,-79.60250000000003,0,0,0,0,0,0,0,0
18,38,0,0,43.67250000000004,-79.44750000000018,0,0,0,0,0,0,0,0
30,12,9,3,43.73250000000007,-79.57750000000006,0,2,1,0,0,0,0,0
36,92,6,2,43.76250000000009,-79.17750000000042,0,2,0,0,0,0,0,0
48,66,3,1,43.82250000000012,-79.3075000000003,0,0,1,0,0,0,0,0
8,30,6,2,43.62250000000002,-79.48750000000014,0,1,1,0,0,0,0,0
40,62,8,3,43.7825000000001,-79.32750000000028,0,2,0,1,0,0,0,0
31,13,3,1,43.737500000000075,-79.57250000000006,0,0,1,0,0,0,0,0
23,9,27,7,43.697500000000055,-79.59250000000004,1,3,0,1,0,2,0,0
41,63,6,2,43.7875000000001,-79.32250000000029,0,2,0,0,0,0,0,0
34,24,6,2,43.75250000000008,-79.51750000000011,0,2,0,0,0,0,0,0
25,55,6,2,43.70750000000006,-79.36250000000025,0,1,1,0,0,0,0,0
44,68,8,3,43.80250000000011,-79.29750000000031,0,2,0,1,0,0,0,0
37,29,9,3,43.76750000000009,-79.49250000000013,0,2,1,0,0,0,0,0
22,49,40,12,43.69250000000005,-79.39250000000023,1,4,3,2,0,1,0,1
14,45,9,3,43.65250000000003,-79.41250000000021,0,2,1,0,0,0,0,0
15,10,21,6,43.657500000000034,-79.58750000000005,0,3,0,1,0,2,0,0
26,19,2,1,43.71250000000006,-79.54250000000009,0,0,0,1,0,0,0,0
18,15,13,4,43.67250000000004,-79.56250000000007,0,2,0,1,0,1,0,0
38,30,6,2,43.77250000000009,-79.48750000000014,0,2,0,0,0,0,0,0
36,69,28,7,43.76250000000009,-79.29250000000032,1,2,0,1,0,2,1,0
28,65,2,1,43.72250000000007,-79.3125000000003,0,0,0,1,0,0,0,0
27,20,3,1,43.717500000000065,-79.5375000000001,0,0,1,0,0,0,0,0
40,39,8,3,43.7825000000001,-79.44250000000018,0,1,1,1,0,0,0,0
19,16,18,5,43.677500000000045,-79.55750000000008,0,1,1,1,0,2,0,0
11,12,25,7,43.637500000000024,-79.57750000000006,0,2,1,1,0,2,1,0
30,25,3,1,43.73250000000007,-79.51250000000012,0,0,1,0,0,0,0,0
21,62,8,3,43.68750000000005,-79.32750000000028,0,2,0,1,0,0,0,0
40,75,6,2,43.7825000000001,-79.26250000000034,0,2,0,0,0,0,0,0
41,40,5,2,43.7875000000001,-79.43750000000018,0,0,1,1,0,0,0,0
33,36,2,1,43.74750000000008,-79.45750000000017,0,0,0,1,0,0,0,0
25,32,5,2,43.70750000000006,-79.47750000000015,0,1,0,1,0,0,0,0
22,26,17,5,43.69250000000005,-79.50750000000012,0,1,1,1,0,1,1,0
14,22,25,7,43.65250000000003,-79.5275000000001,0,3,0,1,0,2,1,0
34,37,5,2,43.75250000000008,-79.45250000000017,0,0,1,1,0,0,0,0
32,76,20,6,43.74250000000008,-79.25750000000035,0,2,1,1,0,1,1,0
37,42,34,10,43.76750000000009,-79.4275000000002,2,3,3,2,0,0,0,0
24,72,20,6,43.70250000000006,-79.27750000000033,0,2,1,1,0,1,1,0
43,85,6,2,43.797500000000106,-79.21250000000039,0,1,1,0,0,0,0,0
35,81,17,5,43.757500000000086,-79.23250000000037,0,2,0,1,0,1,1,0
36,46,20,6,43.76250000000009,-79.40750000000021,1,2,2,1,0,0,0,0
15,23,20,6,43.657500000000034,-79.52250000000011,0,3,0,1,0,1,1,0
7,19,8,3,43.617500000000014,-79.54250000000009,0,1,1,1,0,0,0,0
26,32,5,2,43.71250000000006,-79.47750000000015,0,0,1,1,0,0,0,0
17,69,0,0,43.66750000000004,-79.29250000000032,0,0,0,0,0,0,0,0
36,82,23,7,43.76250000000009,-79.22750000000038,0,3,1,1,0,1,1,0
28,78,30,8,43.72250000000007,-79.24750000000036,1,3,1,1,0,2,0,0
29,43,6,2,43.72750000000007,-79.4225000000002,0,2,0,0,0,0,0,0
21,39,9,3,43.68750000000005,-79.44250000000018,0,2,1,0,0,0,0,0
40,52,3,1,43.7825000000001,-79.37750000000024,0,1,0,0,0,0,0,0
10,29,5,2,43.63250000000002,-79.49250000000013,0,1,0,1,0,0,0,0
42,98,8,3,43.7925000000001,-79.14750000000045,0,2,0,1,0,0,0,0
33,49,36,10,43.74750000000008,-79.39250000000023,2,3,1,2,0,0,1,1
34,14,8,3,43.75250000000008,-79.56750000000007,0,1,1,1,0,0,0,0
25,45,40,11,43.70750000000006,-79.41250000000021,2,4,1,2,0,1,1,0
39,92,9,3,43.777500000000096,-79.17750000000042,0,2,1,0,0,0,0,0
32,53,6,2,43.74250000000008,-79.37250000000024,0,1,1,0,0,0,0,0
37,19,0,0,43.76750000000009,-79.54250000000009,0,0,0,0,0,0,0,0
43,62,3,1,43.797500000000106,-79.32750000000028,0,1,0,0,0,0,0,0
3,26,6,2,43.597500000000004,-79.50750000000012,0,2,0,0,0,0,0,0
22,39,11,4,43.69250000000005,-79.44250000000018,0,2,1,1,0,0,0,0
14,35,2,1,43.65250000000003,-79.46250000000016,0,0,0,1,0,0,0,0
26,9,6,2,43.71250000000006,-79.59250000000004,0,2,0,0,0,0,0,0
43,98,0,0,43.797500000000106,-79.14750000000045,0,0,0,0,0,0,0,0
17,46,6,2,43.66750000000004,-79.40750000000021,0,2,0,0,0,0,0,0
36,59,6,2,43.76250000000009,-79.34250000000027,0,1,1,0,0,0,0,0
29,20,9,3,43.72750000000007,-79.5375000000001,0,2,1,0,0,0,0,0
47,68,5,2,43.817500000000116,-79.29750000000031,0,1,0,1,0,0,0,0
40,29,9,3,43.7825000000001,-79.49250000000013,0,2,1,0,0,0,0,0
21,52,0,0,43.68750000000005,-79.37750000000024,0,0,0,0,0,0,0,0
33,26,0,0,43.74750000000008,-79.50750000000012,0,0,0,0,0,0,0,0
25,22,8,3,43.70750000000006,-79.5275000000001,0,1,1,1,0,0,0,0
39,69,14,4,43.777500000000096,-79.29250000000032,0,1,0,1,0,1,1,0
10,42,3,1,43.63250000000002,-79.4275000000002,0,0,1,0,0,0,0,0
22,16,23,6,43.69250000000005,-79.55750000000008,1,1,1,1,0,1,1,0
14,12,20,6,43.65250000000003,-79.57750000000006,0,2,1,1,0,1,1,0
13,53,67,16,43.64750000000003,-79.37250000000024,4,4,3,2,1,0,1,1
32,66,8,3,43.74250000000008,-79.3075000000003,0,1,1,1,0,0,0,0
24,62,6,2,43.70250000000006,-79.32750000000028,0,2,0,0,0,0,0,0
43,75,8,3,43.797500000000106,-79.26250000000034,0,2,0,1,0,0,0,0
16,58,11,4,43.66250000000004,-79.34750000000027,0,2,1,1,0,0,0,0
35,71,13,4,43.757500000000086,-79.28250000000033,0,1,1,1,0,1,0,0
36,36,5,2,43.76250000000009,-79.45750000000017,0,1,0,1,0,0,0,0
15,13,19,5,43.657500000000034,-79.57250000000006,0,1,0,1,0,2,1,0
28,32,9,3,43.72250000000007,-79.47750000000015,0,2,1,0,0,0,0,0
18,18,19,5,43.67250000000004,-79.54750000000008,1,2,0,1,0,1,0,0
46,86,8,3,43.812500000000114,-79.2075000000004,0,2,0,1,0,0,0,0
17,59,3,1,43.66750000000004,-79.34250000000027,0,1,0,0,0,0,0,0
28,68,17,5,43.72250000000007,-79.29750000000031,0,2,0,1,0,1,1,0
29,33,11,4,43.72750000000007,-79.47250000000015,0,2,1,1,0,0,0,0
21,29,0,0,43.68750000000005,-79.49250000000013,0,0,0,0,0,0,0,0
40,42,5,2,43.7825000000001,-79.4275000000002,0,1,0,1,0,0,0,0
33,3,6,2,43.74750000000008,-79.62250000000002,0,1,1,0,0,0,0,0
10,19,26,7,43.63250000000002,-79.54250000000009,1,3,0,1,0,1,1,0
42,88,6,2,43.7925000000001,-79.1975000000004,0,1,1,0,0,0,0,0
34,4,8,3,43.75250000000008,-79.61750000000002,0,1,1,1,0,0,0,0
20,69,0,0,43.68250000000005,-79.29250000000032,0,0,0,0,0,0,0,0
25,35,9,3,43.70750000000006,-79.46250000000016,0,2,1,0,0,0,0,0
39,82,20,5,43.777500000000096,-79.22750000000038,1,1,0,1,0,1,1,0
31,78,19,5,43.737500000000075,-79.24750000000036,1,1,1,1,0,1,0,0
32,43,30,9,43.74250000000008,-79.4225000000002,1,5,1,1,0,0,1,0
24,39,5,2,43.70250000000006,-79.44250000000018,0,1,0,1,0,0,0,0
43,52,2,1,43.797500000000106,-79.37750000000024,0,0,0,1,0,0,0,0
35,48,30,8,43.757500000000086,-79.39750000000022,2,2,2,1,0,0,0,1
14,25,24,7,43.65250000000003,-79.51250000000012,0,3,1,1,0,2,0,0
24,75,16,4,43.70250000000006,-79.26250000000034,1,1,0,1,0,1,0,0
17,36,3,1,43.66750000000004,-79.45750000000017,0,0,1,0,0,0,0,0
36,49,42,12,43.76250000000009,-79.39250000000023,2,5,1,2,0,0,1,1
9,32,3,1,43.62750000000002,-79.47750000000015,0,0,1,0,0,0,0,0
28,45,8,3,43.72250000000007,-79.41250000000021,0,1,1,1,0,0,0,0
29,10,8,3,43.72750000000007,-79.58750000000005,0,2,0,1,0,0,0,0
38,95,6,2,43.77250000000009,-79.16250000000043,0,2,0,0,0,0,0,0
42,65,5,2,43.7925000000001,-79.3125000000003,0,0,1,1,0,0,0,0
21,42,6,2,43.68750000000005,-79.4275000000002,0,2,0,0,0,0,0,0
33,16,6,2,43.74750000000008,-79.55750000000008,0,2,0,0,0,0,0,0
25,12,8,3,43.70750000000006,-79.57750000000006,0,1,1,1,0,0,0,0
20,46,23,7,43.68250000000005,-79.40750000000021,1,2,1,2,0,0,0,1
39,59,11,4,43.777500000000096,-79.34250000000027,0,2,1,1,0,0,0,0
10,32,9,3,43.63250000000002,-79.47750000000015,0,2,1,0,0,0,0,0
42,101,5,2,43.7925000000001,-79.13250000000046,0,1,0,1,0,0,0,0
13,43,11,4,43.64750000000003,-79.4225000000002,0,2,1,1,0,0,0,0
32,56,2,1,43.74250000000008,-79.35750000000026,0,0,0,1,0,0,0,0
24,52,9,3,43.70250000000006,-79.37750000000024,0,2,1,0,0,0,0,0
43,65,5,2,43.797500000000106,-79.3125000000003,0,1,0,1,0,0,0,0
16,48,68,18,43.66250000000004,-79.39750000000022,2,7,5,1,1,0,1,1
17,13,17,5,43.66750000000004,-79.57250000000006,0,2,0,1,0,1,1,0
35,61,9,3,43.757500000000086,-79.33250000000028,0,2,1,0,0,0,0,0
36,26,2,1,43.76250000000009,-79.50750000000012,0,0,0,1,0,0,0,0
28,22,11,4,43.72250000000007,-79.5275000000001,0,2,1,1,0,0,0,0
46,76,11,4,43.812500000000114,-79.25750000000035,0,2,1,1,0,0,0,0
38,72,25,7,43.77250000000009,-79.27750000000033,1,3,1,1,0,1,0,0
17,49,83,23,43.66750000000004,-79.39250000000023,2,8,5,3,1,0,2,2
49,81,5,2,43.82750000000012,-79.23250000000037,0,0,1,1,0,0,0,0
29,23,5,2,43.72750000000007,-79.52250000000011,0,1,0,1,0,0,0,0
21,19,13,4,43.68750000000005,-79.54250000000009,0,2,0,1,0,1,0,0
40,32,6,2,43.7825000000001,-79.47750000000015,0,1,1,0,0,0,0,0
27,62,3,1,43.717500000000065,-79.32750000000028,0,1,0,0,0,0,0,0
19,58,8,3,43.677500000000045,-79.34750000000027,0,1,1,1,0,0,0,0
30,67,8,3,43.73250000000007,-79.30250000000031,0,2,0,1,0,0,0,0
50,82,3,1,43.832500000000124,-79.22750000000038,0,0,1,0,0,0,0,0
42,78,6,2,43.7925000000001,-79.24750000000036,0,1,1,0,0,0,0,0
20,59,6,2,43.68250000000005,-79.34250000000027,0,1,1,0,0,0,0,0
39,72,29,8,43.777500000000096,-79.27750000000033,1,3,1,1,0,1,1,0
12,55,61,17,43.64250000000003,-79.36250000000025,3,6,5,1,0,0,1,1
13,20,16,5,43.64750000000003,-79.5375000000001,0,2,1,1,0,1,0,0
31,68,18,5,43.737500000000075,-79.29750000000031,0,2,0,1,0,2,0,0
23,64,6,2,43.697500000000055,-79.3175000000003,0,2,0,0,0,0,0,0
24,29,5,2,43.70250000000006,-79.49250000000013,0,1,0,1,0,0,0,0
43,42,6,2,43.797500000000106,-79.4275000000002,0,2,0,0,0,0,0,0
16,25,17,5,43.66250000000004,-79.51250000000012,0,2,0,1,0,1,1,0
35,38,26,8,43.757500000000086,-79.44750000000018,1,5,1,1,0,0,0,0
34,79,18,5,43.75250000000008,-79.24250000000036,0,1,1,1,0,2,0,0
13,56,9,3,43.64750000000003,-79.35750000000026,0,2,1,0,0,0,0,0
53,92,5,2,43.84750000000013,-79.17750000000042,0,1,0,1,0,0,0,0
45,88,0,0,43.80750000000011,-79.1975000000004,0,0,0,0,0,0,0,0
5,15,8,3,43.60750000000001,-79.56250000000007,0,2,0,1,0,0,0,0
37,84,34,9,43.76750000000009,-79.21750000000038,1,3,1,1,0,2,1,0
16,61,6,2,43.66250000000004,-79.33250000000028,0,1,1,0,0,0,0,0
9,22,17,5,43.62750000000002,-79.5275000000001,0,2,0,1,0,1,1,0
28,35,9,3,43.72250000000007,-79.46250000000016,0,2,1,0,0,0,0,0
26,74,13,4,43.71250000000006,-79.26750000000034,0,2,0,1,0,1,0,0
6,16,8,3,43.61250000000001,-79.55750000000008,0,1,1,1,0,0,0,0
18,70,5,2,43.67250000000004,-79.28750000000032,0,0,1,1,0,0,0,0
38,85,20,5,43.77250000000009,-79.21250000000039,1,1,0,1,0,1,1,0
49,94,5,2,43.82750000000012,-79.16750000000043,0,1,0,1,0,0,0,0
42,55,3,1,43.7925000000001,-79.36250000000025,0,1,0,0,0,0,0,0
27,75,22,6,43.717500000000065,-79.26250000000034,1,2,1,1,0,1,0,0
20,36,8,3,43.68250000000005,-79.45750000000017,0,2,0,1,0,0,0,0
39,49,31,9,43.777500000000096,-79.39250000000023,1,2,2,2,0,1,0,1
12,32,3,1,43.64250000000003,-79.47750000000015,0,1,0,0,0,0,0,0
30,80,24,6,43.73250000000007,-79.23750000000037,1,1,1,1,0,2,0,0
31,45,0,0,43.737500000000075,-79.41250000000021,0,0,0,0,0,0,0,0
32,10,3,1,43.74250000000008,-79.58750000000005,0,1,0,0,0,0,0,0
23,41,8,3,43.697500000000055,-79.43250000000019,0,1,1,1,0,0,0,0
2,18,0,0,43.5925,-79.54750000000008,0,0,0,0,0,0,0,0
35,15,5,2,43.757500000000086,-79.56250000000007,0,1,0,1,0,0,0,0
41,95,2,1,43.7875000000001,-79.16250000000043,0,0,0,1,0,0,0,0
13,33,6,2,43.64750000000003,-79.47250000000015,0,1,1,0,0,0,0,0
32,46,30,8,43.74250000000008,-79.40750000000021,1,2,1,1,0,1,1,1
45,65,6,2,43.80750000000011,-79.3125000000003,0,2,0,0,0,0,0,0
44,100,2,1,43.80250000000011,-79.13750000000046,0,0,0,1,0,0,0,0
24,42,3,1,43.70250000000006,-79.4275000000002,0,0,1,0,0,0,0,0
16,38,11,4,43.66250000000004,-79.44750000000018,0,2,1,1,0,0,0,0
35,51,35,10,43.757500000000086,-79.38250000000023,2,3,2,2,0,0,0,1
36,16,9,3,43.76250000000009,-79.55750000000008,0,2,1,0,0,0,0,0
28,12,3,1,43.72250000000007,-79.57750000000006,0,1,0,0,0,0,0,0
46,66,6,2,43.812500000000114,-79.3075000000003,0,2,0,0,0,0,0,0
5,28,3,1,43.60750000000001,-79.49750000000013,0,0,1,0,0,0,0,0
38,62,8,3,43.77250000000009,-79.32750000000028,0,2,0,1,0,0,0,0
49,71,5,2,43.82750000000012,-79.28250000000033,0,0,1,1,0,0,0,0
27,52,2,1,43.717500000000065,-79.37750000000024,0,0,0,1,0,0,0,0
19,48,40,11,43.677500000000045,-79.39750000000022,2,3,2,2,0,1,0,1
39,26,8,3,43.777500000000096,-79.50750000000012,0,1,1,1,0,0,0,0
11,44,2,1,43.637500000000024,-79.4175000000002,0,0,0,1,0,0,0,0
30,57,6,2,43.73250000000007,-79.35250000000026,0,1,1,0,0,0,0,0
31,22,0,0,43.737500000000075,-79.5275000000001,0,0,0,0,0,0,0,0
42,68,8,3,43.7925000000001,-79.29750000000031,0,2,0,1,0,0,0,0
41,72,2,1,43.7875000000001,-79.27750000000033,0,0,0,1,0,0,0,0
20,49,41,12,43.68250000000005,-79.39250000000023,1,3,3,2,0,1,1,1
12,45,8,3,43.64250000000003,-79.41250000000021,0,2,0,1,0,0,0,0
13,10,28,7,43.64750000000003,-79.58750000000005,1,2,0,1,0,2,1,0
31,58,6,2,43.737500000000075,-79.34750000000027,0,1,1,0,0,0,0,0
32,23,5,2,43.74250000000008,-79.52250000000011,0,1,0,1,0,0,0,0
23,54,3,1,43.697500000000055,-79.36750000000025,0,1,0,0,0,0,0,0
16,15,16,5,43.66250000000004,-79.56250000000007,0,2,1,1,0,1,0,0
35,28,11,4,43.757500000000086,-79.49750000000013,0,2,1,1,0,0,0,0
34,69,28,8,43.75250000000008,-79.29250000000032,0,3,1,1,0,2,1,0
37,74,30,8,43.76750000000009,-79.26750000000034,1,3,1,1,0,2,0,0
38,39,30,8,43.77250000000009,-79.44250000000018,2,2,1,2,0,1,0,0
17,16,13,4,43.66750000000004,-79.55750000000008,0,2,0,1,0,1,0,0
9,12,30,8,43.62750000000002,-79.57750000000006,1,3,1,1,0,2,0,0
15,55,66,19,43.657500000000034,-79.36250000000025,3,6,6,2,0,0,1,1
18,60,6,2,43.67250000000004,-79.33750000000028,0,1,1,0,0,0,0,0
38,75,21,6,43.77250000000009,-79.26250000000034,0,2,1,1,0,2,0,0
30,34,5,2,43.73250000000007,-79.46750000000016,0,1,0,1,0,0,0,0
42,45,3,1,43.7925000000001,-79.41250000000021,0,1,0,0,0,0,0,0
27,65,11,4,43.717500000000065,-79.3125000000003,0,2,1,1,0,0,0,0
19,61,5,2,43.677500000000045,-79.33250000000028,0,1,0,1,0,0,0,0
39,39,34,10,43.777500000000096,-79.44250000000018,1,4,1,2,0,1,0,1
12,22,13,4,43.64250000000003,-79.5275000000001,0,1,1,1,0,1,0,0
30,70,16,4,43.73250000000007,-79.28750000000032,1,1,0,1,0,1,0,0
31,35,6,2,43.737500000000075,-79.46250000000016,0,2,0,0,0,0,0,0
4,18,8,3,43.602500000000006,-79.54750000000008,0,2,0,1,0,0,0,0
23,31,8,3,43.697500000000055,-79.48250000000014,0,1,1,1,0,0,0,0
35,5,5,2,43.757500000000086,-79.61250000000003,0,0,1,1,0,0,0,0
41,85,6,2,43.7875000000001,-79.21250000000039,0,2,0,0,0,0,0,0
33,81,21,6,43.74750000000008,-79.23250000000037,0,3,0,1,0,2,0,0
34,46,43,13,43.75250000000008,-79.40750000000021,1,5,3,2,0,1,0,1
25,77,26,7,43.70750000000006,-79.25250000000035,1,2,1,1,0,1,1,0
13,23,21,6,43.64750000000003,-79.52250000000011,0,2,1,1,0,2,0,0
44,90,2,1,43.80250000000011,-79.18750000000041,0,0,0,1,0,0,0,0
45,55,8,3,43.80750000000011,-79.36250000000025,0,1,1,1,0,0,0,0
37,51,32,10,43.76750000000009,-79.38250000000023,1,5,1,2,0,0,0,1
16,28,5,2,43.66250000000004,-79.49750000000013,0,1,0,1,0,0,0,0
22,71,3,1,43.69250000000005,-79.28250000000033,0,1,0,0,0,0,0,0
34,82,19,6,43.75250000000008,-79.22750000000038,0,3,1,1,0,1,0,0
26,41,9,3,43.71250000000006,-79.43250000000019,0,2,1,0,0,0,0,0
5,18,3,1,43.60750000000001,-79.54750000000008,0,1,0,0,0,0,0,0
46,56,2,1,43.812500000000114,-79.35750000000026,0,0,0,1,0,0,0,0
38,52,6,2,43.77250000000009,-79.37750000000024,0,2,0,0,0,0,0,0
36,91,3,1,43.76250000000009,-79.18250000000042,0,0,1,0,0,0,0,0
8,29,5,2,43.62250000000002,-79.49250000000013,0,1,0,1,0,0,0,0
26,77,22,6,43.71250000000006,-79.25250000000035,0,2,0,1,0,2,1,0
27,42,3,1,43.717500000000065,-79.4275000000002,0,0,1,0,0,0,0,0
19,38,6,2,43.677500000000045,-79.44750000000018,0,2,0,0,0,0,0,0
11,34,3,1,43.637500000000024,-79.46750000000016,0,0,1,0,0,0,0,0
30,47,0,0,43.73250000000007,-79.40250000000022,0,0,0,0,0,0,0,0
31,12,8,3,43.737500000000075,-79.57750000000006,0,2,0,1,0,0,0,0
40,97,9,3,43.7825000000001,-79.15250000000044,0,2,1,0,0,0,0,0
41,62,6,2,43.7875000000001,-79.32750000000028,0,2,0,0,0,0,0,0
33,58,5,2,43.74750000000008,-79.34750000000027,0,0,1,1,0,0,0,0
44,67,5,2,43.80250000000011,-79.30250000000031,0,1,0,1,0,0,0,0
23,44,34,10,43.697500000000055,-79.4175000000002,1,3,2,2,0,1,0,1
35,18,2,1,43.757500000000086,-79.54750000000008,0,0,0,1,0,0,0,0
22,48,39,12,43.69250000000005,-79.39750000000022,1,4,3,2,0,0,1,1
34,59,3,1,43.75250000000008,-79.34250000000027,0,0,1,0,0,0,0,0
45,68,5,2,43.80750000000011,-79.29750000000031,0,1,0,1,0,0,0,0
37,64,5,2,43.76750000000009,-79.3175000000003,0,0,1,1,0,0,0,0
38,29,11,4,43.77250000000009,-79.49250000000013,0,2,1,1,0,0,0,0
15,45,5,2,43.657500000000034,-79.41250000000021,0,1,0,1,0,0,0,0
26,54,3,1,43.71250000000006,-79.36750000000025,0,1,0,0,0,0,0,0
27,19,6,2,43.717500000000065,-79.54250000000009,0,2,0,0,0,0,0,0
18,50,38,11,43.67250000000004,-79.38750000000023,2,3,3,2,0,0,0,1
19,15,13,4,43.677500000000045,-79.56250000000007,0,1,1,1,0,1,0,0
11,11,25,6,43.637500000000024,-79.58250000000005,1,1,0,1,0,2,1,0
29,65,6,2,43.72750000000007,-79.3125000000003,0,1,1,0,0,0,0,0
48,78,3,1,43.82250000000012,-79.24750000000036,0,0,1,0,0,0,0,0
40,74,5,2,43.7825000000001,-79.26750000000034,0,0,1,1,0,0,0,0
19,51,35,11,43.677500000000045,-79.38250000000023,1,5,2,2,0,0,1,0
20,16,22,6,43.68250000000005,-79.55750000000008,0,1,1,1,0,2,1,0
11,47,3,1,43.637500000000024,-79.40250000000022,0,1,0,0,0,0,0,0
12,12,17,5,43.64250000000003,-79.57750000000006,0,2,0,1,0,1,1,0
31,25,3,1,43.737500000000075,-79.51250000000012,0,1,0,0,0,0,0,0
23,21,27,7,43.697500000000055,-79.5325000000001,1,2,1,1,0,2,0,0
41,75,3,1,43.7875000000001,-79.26250000000034,0,0,1,0,0,0,0,0
33,71,13,4,43.74750000000008,-79.28250000000033,0,2,0,1,0,1,0,0
34,36,5,2,43.75250000000008,-79.45750000000017,0,1,0,1,0,0,0,0
52,84,8,3,43.84250000000013,-79.21750000000038,0,2,0,1,0,0,0,0
25,67,0,0,43.70750000000006,-79.30250000000031,0,0,0,0,0,0,0,0
44,80,8,3,43.80250000000011,-79.23750000000037,0,2,0,1,0,0,0,0
37,41,40,12,43.76750000000009,-79.43250000000019,1,4,3,2,0,1,1,0
22,61,8,3,43.69250000000005,-79.33250000000028,0,1,1,1,0,0,0,0
14,57,5,2,43.65250000000003,-79.35250000000026,0,0,1,1,0,0,0,0
15,22,23,7,43.657500000000034,-79.5275000000001,0,3,1,1,0,1,1,0
7,18,8,3,43.617500000000014,-79.54750000000008,0,2,0,1,0,0,0,0
26,31,3,1,43.71250000000006,-79.48250000000014,0,0,1,0,0,0,0,0
18,27,22,6,43.67250000000004,-79.50250000000013,1,3,0,1,0,1,0,0
38,42,37,11,43.77250000000009,-79.4275000000002,1,3,3,2,0,1,1,0
36,81,34,9,43.76250000000009,-79.23250000000037,1,3,1,1,0,2,1,0
15,58,5,2,43.657500000000034,-79.34750000000027,0,0,1,1,0,0,0,0
28,77,19,5,43.72250000000007,-79.25250000000035,0,1,0,1,0,2,1,0
8,19,22,6,43.62250000000002,-79.54250000000009,1,2,1,1,0,1,0,0
27,32,8,3,43.717500000000065,-79.47750000000015,0,1,1,1,0,0,0,0
18,63,8,3,43.67250000000004,-79.32250000000029,0,2,0,1,0,0,0,0
19,28,11,4,43.677500000000045,-79.49750000000013,0,2,1,1,0,0,0,0
11,24,27,7,43.637500000000024,-79.51750000000011,1,3,0,1,0,2,0,0
30,37,3,1,43.73250000000007,-79.45250000000017,0,0,1,0,0,0,0,0
21,74,11,4,43.68750000000005,-79.26750000000034,0,2,1,1,0,0,0,0
40,87,3,1,43.7825000000001,-79.2025000000004,0,0,1,0,0,0,0,0
41,52,8,3,43.7875000000001,-79.37750000000024,0,1,1,1,0,0,0,0
33,48,32,9,43.74750000000008,-79.39750000000022,2,2,2,2,0,0,0,1
34,13,8,3,43.75250000000008,-79.57250000000006,0,1,1,1,0,0,0,0
25,44,28,8,43.70750000000006,-79.4175000000002,2,2,2,2,0,0,0,0
4,21,0,0,43.602500000000006,-79.5325000000001,0,0,0,0,0,0,0,0
44,57,8,3,43.80250000000011,-79.35250000000026,0,1,1,1,0,0,0,0
37,18,8,3,43.76750000000009,-79.54750000000008,0,1,1,1,0,0,0,0
22,38,9,3,43.69250000000005,-79.44750000000018,0,2,1,0,0,0,0,0
14,34,11,4,43.65250000000003,-79.46750000000016,0,2,1,1,0,0,0,0
34,49,45,13,43.75250000000008,-79.39250000000023,2,5,2,2,0,0,1,1
25,80,20,6,43.70750000000006,-79.23750000000037,0,2,1,1,0,1,1,0
37,54,8,3,43.76750000000009,-79.36750000000025,0,1,1,1,0,0,0,0
38,19,11,4,43.77250000000009,-79.54250000000009,0,2,1,1,0,0,0,0
32,88,2,1,43.74250000000008,-79.1975000000004,0,0,0,1,0,0,0,0
43,97,11,4,43.797500000000106,-79.15250000000044,0,2,1,1,0,0,0,0
35,93,11,4,43.757500000000086,-79.17250000000043,0,2,1,1,0,0,0,0
15,35,6,2,43.657500000000034,-79.46250000000016,0,2,0,0,0,0,0,0
47,67,3,1,43.817500000000116,-79.30250000000031,0,0,1,0,0,0,0,0
26,44,32,9,43.71250000000006,-79.4175000000002,1,2,3,1,0,1,0,1
27,9,0,0,43.717500000000065,-79.59250000000004,0,0,0,0,0,0,0,0
18,40,0,0,43.67250000000004,-79.43750000000018,0,0,0,0,0,0,0,0
30,14,8,3,43.73250000000007,-79.56750000000007,0,2,0,1,0,0,0,0
36,94,3,1,43.76250000000009,-79.16750000000043,0,0,1,0,0,0,0,0
29,55,0,0,43.72750000000007,-79.36250000000025,0,0,0,0,0,0,0,0
48,68,8,3,43.82250000000012,-79.29750000000031,0,1,1,1,0,0,0,0
21,51,38,10,43.68750000000005,-79.38250000000023,2,2,3,1,0,1,0,1
40,64,8,3,43.7825000000001,-79.3175000000003,0,1,1,1,0,0,0,0
33,25,11,4,43.74750000000008,-79.51250000000012,0,2,1,1,0,0,0,0
23,11,16,5,43.697500000000055,-79.58250000000005,0,2,1,1,0,1,0,0
10,41,9,3,43.63250000000002,-79.43250000000019,0,2,1,0,0,0,0,0
22,15,17,5,43.69250000000005,-79.56250000000007,0,1,1,1,0,1,1,0
41,65,5,2,43.7875000000001,-79.3125000000003,0,1,0,1,0,0,0,0
33,61,5,2,43.74750000000008,-79.33250000000028,0,1,0,1,0,0,0,0
34,26,5,2,43.75250000000008,-79.50750000000012,0,0,1,1,0,0,0,0
44,70,2,1,43.80250000000011,-79.28750000000032,0,0,0,1,0,0,0,0
51,78,5,2,43.83750000000013,-79.24750000000036,0,0,1,1,0,0,0,0
43,74,6,2,43.797500000000106,-79.26750000000034,0,1,1,0,0,0,0,0
22,51,33,10,43.69250000000005,-79.38250000000023,1,4,3,1,0,0,1,0
14,47,8,3,43.65250000000003,-79.40250000000022,0,1,1,1,0,0,0,0
15,12,18,5,43.657500000000034,-79.57750000000006,0,1,1,1,0,2,0,0
