lat_bin,lon_bin,light_count,lat,lon
26,21,23,43.71250000000006,-79.5325000000001
18,17,31,43.67250000000004,-79.55250000000008
17,58,20,43.66750000000004,-79.34750000000027
36,71,27,43.76250000000009,-79.28250000000033
28,67,15,43.72250000000007,-79.30250000000031
29,32,13,43.72750000000007,-79.47750000000015
47,80,17,43.817500000000116,-79.23750000000037
40,41,16,43.7825000000001,-79.43250000000019
19,18,13,43.677500000000045,-79.54750000000008
11,14,21,43.637500000000024,-79.56750000000007
29,68,22,43.72750000000007,-79.29750000000031
21,64,26,43.68750000000005,-79.3175000000003
40,77,30,43.7825000000001,-79.25250000000035
41,42,26,43.7875000000001,-79.4275000000002
33,38,40,43.74750000000008,-79.44750000000018
34,3,35,43.75250000000008,-79.62250000000002
25,34,18,43.70750000000006,-79.46750000000016
39,81,24,43.777500000000096,-79.23250000000037
44,47,31,43.80250000000011,-79.40250000000022
22,28,18,43.69250000000005,-79.49750000000013
14,24,17,43.65250000000003,-79.51750000000011
32,78,34,43.74250000000008,-79.24750000000036
51,91,25,43.83750000000013,-79.18250000000042
24,74,27,43.70250000000006,-79.26750000000034
43,87,28,43.797500000000106,-79.2025000000004
35,83,27,43.757500000000086,-79.22250000000038
36,48,26,43.76250000000009,-79.39750000000022
15,25,15,43.657500000000034,-79.51250000000012
7,21,35,43.617500000000014,-79.5325000000001
18,30,15,43.67250000000004,-79.48750000000014
30,4,18,43.73250000000007,-79.61750000000002
36,84,30,43.76250000000009,-79.21750000000038
28,80,27,43.72250000000007,-79.23750000000037
29,45,25,43.72750000000007,-79.41250000000021
21,41,24,43.68750000000005,-79.43250000000019
40,54,23,43.7825000000001,-79.36750000000025
33,15,25,43.74750000000008,-79.56250000000007
10,31,20,43.63250000000002,-79.48250000000014
42,100,13,43.7925000000001,-79.13750000000046
34,16,21,43.75250000000008,-79.55750000000008
25,47,34,43.70750000000006,-79.40250000000022
39,94,15,43.777500000000096,-79.16750000000043
37,21,22,43.76750000000009,-79.5325000000001
32,55,26,43.74250000000008,-79.36250000000025
43,64,24,43.797500000000106,-79.3175000000003
3,28,13,43.597500000000004,-79.49750000000013
35,60,20,43.757500000000086,-79.33750000000028
14,37,20,43.65250000000003,-79.45250000000017
26,11,16,43.71250000000006,-79.58250000000005
17,48,96,43.66750000000004,-79.39750000000022
36,61,18,43.76250000000009,-79.33250000000028
29,22,27,43.72750000000007,-79.5275000000001
47,70,24,43.817500000000116,-79.28750000000032
21,18,23,43.68750000000005,-79.54750000000008
40,31,26,43.7825000000001,-79.48250000000014
50,81,20,43.832500000000124,-79.23250000000037
33,28,20,43.74750000000008,-79.49750000000013
25,24,20,43.70750000000006,-79.51750000000011
39,71,24,43.777500000000096,-79.28250000000033
31,67,22,43.737500000000075,-79.30250000000031
10,44,28,43.63250000000002,-79.4175000000002
22,18,16,43.69250000000005,-79.54750000000008
14,14,19,43.65250000000003,-79.56750000000007
13,55,74,43.64750000000003,-79.36250000000025
32,68,26,43.74250000000008,-79.29750000000031
51,81,24,43.83750000000013,-79.23250000000037
24,64,13,43.70250000000006,-79.3175000000003
43,77,31,43.797500000000106,-79.25250000000035
16,60,13,43.66250000000004,-79.33750000000028
36,38,32,43.76250000000009,-79.44750000000018
28,34,20,43.72250000000007,-79.46750000000016
6,15,22,43.61250000000001,-79.56250000000007
38,84,27,43.77250000000009,-79.21750000000038
17,61,22,43.66750000000004,-79.33250000000028
29,35,27,43.72750000000007,-79.46250000000016
21,31,23,43.68750000000005,-79.48250000000014
40,44,17,43.7825000000001,-79.4175000000002
27,74,20,43.717500000000065,-79.26750000000034
33,5,28,43.74750000000008,-79.61250000000003
39,48,26,43.777500000000096,-79.39750000000022
10,21,17,43.63250000000002,-79.5325000000001
42,90,13,43.7925000000001,-79.18750000000041
34,6,16,43.75250000000008,-79.60750000000003
20,71,17,43.68250000000005,-79.28250000000033
39,84,17,43.777500000000096,-79.21750000000038
13,32,33,43.64750000000003,-79.47750000000015
31,80,23,43.737500000000075,-79.23750000000037
32,45,28,43.74250000000008,-79.41250000000021
23,76,33,43.697500000000055,-79.25750000000035
24,41,21,43.70250000000006,-79.43250000000019
43,54,21,43.797500000000106,-79.36750000000025
16,37,17,43.66250000000004,-79.45250000000017
3,18,14,43.597500000000004,-79.54750000000008
35,50,30,43.757500000000086,-79.38750000000023
36,15,35,43.76250000000009,-79.56250000000007
34,91,39,43.75250000000008,-79.18250000000042
5,27,21,43.60750000000001,-79.50250000000013
37,96,36,43.76750000000009,-79.15750000000044
17,38,23,43.66750000000004,-79.44750000000018
36,51,43,43.76250000000009,-79.38250000000023
28,47,21,43.72250000000007,-79.40250000000022
29,12,33,43.72750000000007,-79.57750000000006
21,8,34,43.68750000000005,-79.59750000000004
6,28,19,43.61250000000001,-79.49750000000013
42,67,26,43.7925000000001,-79.30250000000031
33,18,20,43.74750000000008,-79.54750000000008
25,14,35,43.70750000000006,-79.56750000000007
20,48,30,43.68250000000005,-79.39750000000022
39,61,15,43.777500000000096,-79.33250000000028
12,44,29,43.64250000000003,-79.4175000000002
31,57,20,43.737500000000075,-79.35250000000026
32,22,35,43.74250000000008,-79.5275000000001
23,53,25,43.697500000000055,-79.37250000000024
22,8,20,43.69250000000005,-79.59750000000004
13,45,27,43.64750000000003,-79.41250000000021
32,58,31,43.74250000000008,-79.34750000000027
24,54,18,43.70250000000006,-79.36750000000025
16,50,86,43.66250000000004,-79.38750000000023
17,15,14,43.66750000000004,-79.56250000000007
35,63,32,43.757500000000086,-79.32250000000029
36,28,25,43.76250000000009,-79.49750000000013
28,24,28,43.72250000000007,-79.51750000000011
38,74,27,43.77250000000009,-79.26750000000034
49,83,34,43.82750000000012,-79.22250000000038
29,25,29,43.72750000000007,-79.51250000000012
42,44,19,43.7925000000001,-79.4175000000002
21,21,23,43.68750000000005,-79.5325000000001
19,60,15,43.677500000000045,-79.33750000000028
39,38,25,43.777500000000096,-79.44750000000018
42,80,13,43.7925000000001,-79.23750000000037
20,61,27,43.68250000000005,-79.33250000000028
12,57,18,43.64250000000003,-79.35250000000026
13,22,37,43.64750000000003,-79.5275000000001
31,70,36,43.737500000000075,-79.28750000000032
23,66,18,43.697500000000055,-79.3075000000003
24,31,22,43.70250000000006,-79.48250000000014
43,44,31,43.797500000000106,-79.4175000000002
16,27,20,43.66250000000004,-79.50250000000013
35,40,40,43.757500000000086,-79.43750000000018
34,81,33,43.75250000000008,-79.23250000000037
45,90,13,43.80750000000011,-79.18750000000041
5,17,32,43.60750000000001,-79.55250000000008
46,55,17,43.812500000000114,-79.36250000000025
37,86,36,43.76750000000009,-79.2075000000004
38,51,43,43.77250000000009,-79.38250000000023
17,28,27,43.66750000000004,-79.49750000000013
9,24,35,43.62750000000002,-79.51750000000011
28,37,24,43.72250000000007,-79.45250000000017
26,76,33,43.71250000000006,-79.25750000000035
27,41,26,43.717500000000065,-79.43250000000019
6,18,15,43.61250000000001,-79.54750000000008
18,72,22,43.67250000000004,-79.27750000000033
30,46,21,43.73250000000007,-79.40750000000021
42,57,23,43.7925000000001,-79.35250000000026
27,77,27,43.717500000000065,-79.25250000000035
20,38,24,43.68250000000005,-79.44750000000018
39,51,40,43.777500000000096,-79.38250000000023
30,82,15,43.73250000000007,-79.22750000000038
31,47,32,43.737500000000075,-79.40250000000022
32,12,25,43.74250000000008,-79.57750000000006
23,43,18,43.697500000000055,-79.4225000000002
24,8,21,43.70250000000006,-79.59750000000004
41,97,16,43.7875000000001,-79.15250000000044
34,58,30,43.75250000000008,-79.34750000000027
45,67,17,43.80750000000011,-79.30250000000031
24,44,32,43.70250000000006,-79.4175000000002
16,40,31,43.66250000000004,-79.43750000000018
28,14,23,43.72250000000007,-79.56750000000007
26,53,32,43.71250000000006,-79.37250000000024
46,68,22,43.812500000000114,-79.29750000000031
38,64,29,43.77250000000009,-79.3175000000003
49,73,32,43.82750000000012,-79.27250000000033
27,54,16,43.717500000000065,-79.36750000000025
19,50,45,43.677500000000045,-79.38750000000023
20,15,25,43.68250000000005,-79.56250000000007
11,46,14,43.637500000000024,-79.40750000000021
39,28,26,43.777500000000096,-79.49750000000013
30,59,24,43.73250000000007,-79.34250000000027
31,24,30,43.737500000000075,-79.51750000000011
23,20,19,43.697500000000055,-79.5375000000001
41,74,15,43.7875000000001,-79.26750000000034
20,51,34,43.68250000000005,-79.38250000000023
33,70,31,43.74750000000008,-79.28750000000032
12,47,23,43.64250000000003,-79.40250000000022
13,12,23,43.64750000000003,-79.57750000000006
32,25,33,43.74250000000008,-79.51250000000012
24,21,18,43.70250000000006,-79.5325000000001
16,17,33,43.66250000000004,-79.55250000000008
35,30,15,43.757500000000086,-79.48750000000014
22,60,18,43.69250000000005,-79.33750000000028
34,71,31,43.75250000000008,-79.28250000000033
37,76,17,43.76750000000009,-79.25750000000035
38,41,35,43.77250000000009,-79.43250000000019
15,57,15,43.657500000000034,-79.35250000000026
7,53,23,43.617500000000014,-79.37250000000024
26,66,31,43.71250000000006,-79.3075000000003
27,31,35,43.717500000000065,-79.48250000000014
18,62,35,43.67250000000004,-79.32750000000028
19,27,32,43.677500000000045,-79.50250000000013
30,36,14,43.73250000000007,-79.45750000000017
42,47,37,43.7925000000001,-79.40250000000022
29,77,27,43.72750000000007,-79.25250000000035
40,86,15,43.7825000000001,-79.2075000000004
19,63,21,43.677500000000045,-79.32250000000029
20,28,23,43.68250000000005,-79.49750000000013
39,41,30,43.777500000000096,-79.43250000000019
31,37,34,43.737500000000075,-79.45250000000017
4,20,32,43.602500000000006,-79.5375000000001
32,2,19,43.74250000000008,-79.62750000000001
23,33,14,43.697500000000055,-79.47250000000015
35,7,17,43.757500000000086,-79.60250000000003
33,83,35,43.74750000000008,-79.22250000000038
34,48,40,43.75250000000008,-79.39750000000022
25,79,20,43.70750000000006,-79.24250000000036
44,92,15,43.80250000000011,-79.17750000000042
45,57,23,43.80750000000011,-79.35250000000026
37,53,20,43.76750000000009,-79.37250000000024
16,30,25,43.66250000000004,-79.48750000000014
22,73,34,43.69250000000005,-79.27250000000033
28,4,17,43.72250000000007,-79.61750000000002
15,34,29,43.657500000000034,-79.46750000000016
26,43,14,43.71250000000006,-79.4225000000002
46,58,31,43.812500000000114,-79.34750000000027
18,39,38,43.67250000000004,-79.44250000000018
36,93,31,43.76250000000009,-79.17250000000043
48,67,25,43.82250000000012,-79.30250000000031
8,31,26,43.62250000000002,-79.48250000000014
27,44,30,43.717500000000065,-79.4175000000002
19,40,29,43.677500000000045,-79.43750000000018
11,36,34,43.637500000000024,-79.45750000000017
31,14,24,43.737500000000075,-79.56750000000007
23,10,17,43.697500000000055,-79.58750000000005
40,99,36,43.7825000000001,-79.14250000000045
41,64,21,43.7875000000001,-79.3175000000003
33,60,33,43.74750000000008,-79.33750000000028
12,37,31,43.64250000000003,-79.45250000000017
44,69,25,43.80250000000011,-79.29250000000032
24,11,20,43.70250000000006,-79.58250000000005
22,50,37,43.69250000000005,-79.38750000000023
14,46,24,43.65250000000003,-79.40750000000021
34,61,27,43.75250000000008,-79.33250000000028
45,70,26,43.80750000000011,-79.28750000000032
37,66,20,43.76750000000009,-79.3075000000003
38,31,18,43.77250000000009,-79.48250000000014
15,47,37,43.657500000000034,-79.40250000000022
26,56,13,43.71250000000006,-79.35750000000026
27,21,16,43.717500000000065,-79.5325000000001
18,52,20,43.67250000000004,-79.37750000000024
19,17,17,43.677500000000045,-79.55250000000008
11,13,36,43.637500000000024,-79.57250000000006
30,26,29,43.73250000000007,-79.50750000000012
29,67,21,43.72750000000007,-79.30250000000031
21,63,36,43.68750000000005,-79.32250000000029
41,41,20,43.7875000000001,-79.43250000000019
20,18,27,43.68250000000005,-79.54750000000008
11,49,9,43.637500000000024,-79.39250000000023
12,14,31,43.64250000000003,-79.56750000000007
44,46,28,43.80250000000011,-79.40750000000021
23,23,25,43.697500000000055,-79.52250000000011
41,77,17,43.7875000000001,-79.25250000000035
33,73,28,43.74750000000008,-79.27250000000033
34,38,22,43.75250000000008,-79.44750000000018
25,69,25,43.70750000000006,-79.29250000000032
44,82,32,43.80250000000011,-79.22750000000038
43,86,33,43.797500000000106,-79.2075000000004
22,63,29,43.69250000000005,-79.32250000000029
14,59,18,43.65250000000003,-79.34250000000027
15,24,28,43.657500000000034,-79.51750000000011
7,20,30,43.617500000000014,-79.5375000000001
26,33,25,43.71250000000006,-79.47250000000015
18,29,15,43.67250000000004,-79.49250000000013
30,3,19,43.73250000000007,-79.62250000000002
36,83,25,43.76250000000009,-79.22250000000038
28,79,38,43.72250000000007,-79.24250000000036
40,53,21,43.7825000000001,-79.37250000000024
19,30,19,43.677500000000045,-79.48750000000014
11,26,17,43.637500000000024,-79.50750000000012
31,4,29,43.737500000000075,-79.61750000000002
29,80,26,43.72750000000007,-79.23750000000037
41,54,28,43.7875000000001,-79.36750000000025
33,50,50,43.74750000000008,-79.38750000000023
34,15,25,43.75250000000008,-79.56250000000007
25,46,31,43.70750000000006,-79.40750000000021
44,59,23,43.80250000000011,-79.34250000000027
39,93,19,43.777500000000096,-79.17250000000043
37,20,13,43.76750000000009,-79.5375000000001
3,27,32,43.597500000000004,-79.50250000000013
22,40,15,43.69250000000005,-79.43750000000018
14,36,16,43.65250000000003,-79.45750000000017
34,51,50,43.75250000000008,-79.38250000000023
26,10,29,43.71250000000006,-79.58750000000005
37,56,35,43.76750000000009,-79.35750000000026
38,21,13,43.77250000000009,-79.5325000000001
43,99,12,43.797500000000106,-79.14250000000045
36,60,21,43.76250000000009,-79.33750000000028
15,37,22,43.657500000000034,-79.45250000000017
47,69,23,43.817500000000116,-79.29250000000032
26,46,52,43.71250000000006,-79.40750000000021
27,11,20,43.717500000000065,-79.58250000000005
18,42,29,43.67250000000004,-79.4275000000002
30,16,24,43.73250000000007,-79.55750000000008
48,70,17,43.82250000000012,-79.28750000000032
21,53,23,43.68750000000005,-79.37250000000024
40,66,16,43.7825000000001,-79.3075000000003
33,27,15,43.74750000000008,-79.50250000000013
25,23,17,43.70750000000006,-79.52250000000011
10,43,15,43.63250000000002,-79.4225000000002
22,17,17,43.69250000000005,-79.55250000000008
14,13,29,43.65250000000003,-79.57250000000006
33,63,26,43.74750000000008,-79.32250000000029
34,28,26,43.75250000000008,-79.49750000000013
25,59,28,43.70750000000006,-79.34250000000027
37,33,19,43.76750000000009,-79.47250000000015
32,67,17,43.74250000000008,-79.30250000000031
22,53,17,43.69250000000005,-79.37250000000024
35,72,17,43.757500000000086,-79.27750000000033
14,49,82,43.65250000000003,-79.39250000000023
15,14,28,43.657500000000034,-79.56750000000007
26,23,15,43.71250000000006,-79.52250000000011
18,19,19,43.67250000000004,-79.54250000000009
17,60,27,43.66750000000004,-79.33750000000028
9,56,27,43.62750000000002,-79.35750000000026
29,34,21,43.72750000000007,-79.46750000000016
47,82,28,43.817500000000116,-79.22750000000038
40,43,26,43.7825000000001,-79.4225000000002
11,16,33,43.637500000000024,-79.55750000000008
29,70,19,43.72750000000007,-79.28750000000032
21,66,14,43.68750000000005,-79.3075000000003
41,44,25,43.7875000000001,-79.4175000000002
33,40,29,43.74750000000008,-79.43750000000018
25,36,25,43.70750000000006,-79.45750000000017
44,49,31,43.80250000000011,-79.39250000000023
39,83,26,43.777500000000096,-79.22250000000038
31,79,22,43.737500000000075,-79.24250000000036
22,30,33,43.69250000000005,-79.48750000000014
14,26,26,43.65250000000003,-79.50750000000012
32,80,20,43.74250000000008,-79.23750000000037
24,76,23,43.70250000000006,-79.25750000000035
35,85,38,43.757500000000086,-79.21250000000039
36,50,28,43.76250000000009,-79.38750000000023
28,46,26,43.72250000000007,-79.40750000000021
7,23,26,43.617500000000014,-79.52250000000011
6,27,19,43.61250000000001,-79.50250000000013
30,6,30,43.73250000000007,-79.60750000000003
28,82,32,43.72250000000007,-79.22750000000038
29,47,29,43.72750000000007,-79.40250000000022
21,43,28,43.68750000000005,-79.4225000000002
40,56,12,43.7825000000001,-79.35750000000026
33,17,14,43.74750000000008,-79.55250000000008
10,33,29,43.63250000000002,-79.47250000000015
42,102,29,43.7925000000001,-79.12750000000047
22,7,27,43.69250000000005,-79.60250000000003
34,18,22,43.75250000000008,-79.54750000000008
39,96,35,43.777500000000096,-79.15750000000044
37,23,32,43.76750000000009,-79.52250000000011
32,57,25,43.74250000000008,-79.35250000000026
24,53,30,43.70250000000006,-79.37250000000024
43,66,20,43.797500000000106,-79.3075000000003
35,62,24,43.757500000000086,-79.32750000000028
36,27,16,43.76250000000009,-79.50250000000013
18,9,19,43.67250000000004,-79.59250000000004
17,50,69,43.66750000000004,-79.38750000000023
36,63,23,43.76250000000009,-79.32250000000029
29,24,28,43.72750000000007,-79.51750000000011
47,72,16,43.817500000000116,-79.27750000000033
21,20,22,43.68750000000005,-79.5375000000001
40,33,29,43.7825000000001,-79.47250000000015
50,83,16,43.832500000000124,-79.22250000000038
42,79,21,43.7925000000001,-79.24250000000036
33,30,31,43.74750000000008,-79.48750000000014
25,26,17,43.70750000000006,-79.50750000000012
20,60,14,43.68250000000005,-79.33750000000028
39,73,27,43.777500000000096,-79.27250000000033
31,69,14,43.737500000000075,-79.29250000000032
23,65,18,43.697500000000055,-79.3125000000003
43,43,25,43.797500000000106,-79.4225000000002
22,20,20,43.69250000000005,-79.5375000000001
35,39,55,43.757500000000086,-79.44250000000018
13,57,17,43.64750000000003,-79.35250000000026
32,70,26,43.74250000000008,-79.28750000000032
24,66,19,43.70250000000006,-79.3075000000003
43,79,28,43.797500000000106,-79.24250000000036
16,62,23,43.66250000000004,-79.32750000000028
17,27,21,43.66750000000004,-79.50250000000013
35,75,19,43.757500000000086,-79.26250000000034
36,40,31,43.76250000000009,-79.43750000000018
9,23,29,43.62750000000002,-79.52250000000011
28,36,23,43.72250000000007,-79.45750000000017
6,17,17,43.61250000000001,-79.55250000000008
38,86,19,43.77250000000009,-79.2075000000004
21,33,21,43.68750000000005,-79.47250000000015
27,76,28,43.717500000000065,-79.25750000000035
33,7,19,43.74750000000008,-79.60250000000003
19,72,16,43.677500000000045,-79.27750000000033
39,50,22,43.777500000000096,-79.38750000000023
30,81,34,43.73250000000007,-79.23250000000037
31,46,15,43.737500000000075,-79.40750000000021
10,23,22,43.63250000000002,-79.52250000000011
42,92,24,43.7925000000001,-79.17750000000042
2,19,12,43.5925,-79.54250000000009
20,73,25,43.68250000000005,-79.27250000000033
39,86,27,43.777500000000096,-79.2075000000004
13,34,19,43.64750000000003,-79.46750000000016
31,82,38,43.737500000000075,-79.22750000000038
32,47,34,43.74250000000008,-79.40250000000022
24,43,29,43.70250000000006,-79.4225000000002
43,56,24,43.797500000000106,-79.35750000000026
16,39,16,43.66250000000004,-79.44250000000018
35,52,24,43.757500000000086,-79.37750000000024
36,17,16,43.76250000000009,-79.55250000000008
28,13,14,43.72250000000007,-79.57250000000006
5,29,16,43.60750000000001,-79.49250000000013
46,67,28,43.812500000000114,-79.30250000000031
17,40,16,43.66750000000004,-79.43750000000018
49,72,22,43.82750000000012,-79.27750000000033
28,49,21,43.72250000000007,-79.39250000000023
29,14,20,43.72750000000007,-79.56750000000007
21,10,34,43.68750000000005,-79.58750000000005
6,30,16,43.61250000000001,-79.48750000000014
42,69,29,43.7925000000001,-79.29250000000032
25,16,35,43.70750000000006,-79.55750000000008
20,50,47,43.68250000000005,-79.38750000000023
39,63,19,43.777500000000096,-79.32250000000029
12,46,17,43.64250000000003,-79.40750000000021
31,59,18,43.737500000000075,-79.34250000000027
32,24,30,43.74250000000008,-79.51750000000011
35,29,37,43.757500000000086,-79.49250000000013
13,47,15,43.64750000000003,-79.40250000000022
24,56,21,43.70250000000006,-79.35750000000026
16,52,62,43.66250000000004,-79.37750000000024
17,17,16,43.66750000000004,-79.55250000000008
36,30,12,43.76250000000009,-79.48750000000014
9,13,17,43.62750000000002,-79.57250000000006
28,26,22,43.72250000000007,-79.50750000000012
46,80,20,43.812500000000114,-79.23750000000037
38,76,36,43.77250000000009,-79.25750000000035
42,46,32,43.7925000000001,-79.40750000000021
21,23,18,43.68750000000005,-79.52250000000011
27,66,27,43.717500000000065,-79.3075000000003
19,62,29,43.677500000000045,-79.32750000000028
39,40,46,43.777500000000096,-79.43750000000018
11,58,19,43.637500000000024,-79.34750000000027
30,71,24,43.73250000000007,-79.28250000000033
10,13,22,43.63250000000002,-79.57250000000006
23,32,19,43.697500000000055,-79.47750000000015
41,86,26,43.7875000000001,-79.2075000000004
20,63,21,43.68250000000005,-79.32250000000029
12,59,23,43.64250000000003,-79.34250000000027
13,24,33,43.64750000000003,-79.51750000000011
32,37,31,43.74250000000008,-79.45250000000017
44,91,29,43.80250000000011,-79.18250000000042
23,68,21,43.697500000000055,-79.29750000000031
24,33,22,43.70250000000006,-79.47250000000015
43,46,23,43.797500000000106,-79.40750000000021
16,29,31,43.66250000000004,-79.49250000000013
35,42,31,43.757500000000086,-79.4275000000002
28,3,32,43.72250000000007,-79.62250000000002
34,83,45,43.75250000000008,-79.22250000000038
45,92,12,43.80750000000011,-79.17750000000042
5,19,24,43.60750000000001,-79.54250000000009
37,88,17,43.76750000000009,-79.1975000000004
38,53,34,43.77250000000009,-79.37250000000024
17,30,23,43.66750000000004,-79.48750000000014
9,26,20,43.62750000000002,-79.50750000000012
26,78,39,43.71250000000006,-79.24750000000036
27,43,16,43.717500000000065,-79.4225000000002
6,20,29,43.61250000000001,-79.5375000000001
19,39,19,43.677500000000045,-79.44250000000018
30,48,18,43.73250000000007,-79.39750000000022
42,59,20,43.7925000000001,-79.34250000000027
40,98,29,43.7825000000001,-79.14750000000045
20,40,18,43.68250000000005,-79.43750000000018
12,36,14,43.64250000000003,-79.45750000000017
32,14,26,43.74250000000008,-79.56750000000007
23,45,44,43.697500000000055,-79.41250000000021
24,10,24,43.70250000000006,-79.58750000000005
35,19,19,43.757500000000086,-79.54250000000009
41,99,22,43.7875000000001,-79.14250000000045
34,60,13,43.75250000000008,-79.33750000000028
13,37,29,43.64750000000003,-79.45250000000017
45,69,31,43.80750000000011,-79.29250000000032
37,65,25,43.76750000000009,-79.3125000000003
16,42,30,43.66250000000004,-79.4275000000002
28,16,29,43.72250000000007,-79.55750000000008
15,46,32,43.657500000000034,-79.40750000000021
26,55,16,43.71250000000006,-79.36250000000025
46,70,29,43.812500000000114,-79.28750000000032
18,51,33,43.67250000000004,-79.38250000000023
38,66,15,43.77250000000009,-79.3075000000003
49,75,23,43.82750000000012,-79.26250000000034
27,56,21,43.717500000000065,-79.35750000000026
19,52,28,43.677500000000045,-79.37750000000024
20,17,12,43.68250000000005,-79.55250000000008
11,48,21,43.637500000000024,-79.39750000000022
12,13,22,43.64250000000003,-79.57250000000006
30,61,15,43.73250000000007,-79.33250000000028
31,26,15,43.737500000000075,-79.50750000000012
39,30,18,43.777500000000096,-79.48750000000014
23,22,29,43.697500000000055,-79.5275000000001
41,76,35,43.7875000000001,-79.25750000000035
33,72,34,43.74750000000008,-79.27750000000033
12,49,70,43.64250000000003,-79.39250000000023
13,14,29,43.64750000000003,-79.56750000000007
25,68,35,43.70750000000006,-79.29750000000031
44,81,21,43.80250000000011,-79.23250000000037
32,27,25,43.74250000000008,-79.50250000000013
24,23,25,43.70250000000006,-79.52250000000011
16,19,20,43.66250000000004,-79.54250000000009
35,32,28,43.757500000000086,-79.47750000000015
22,62,34,43.69250000000005,-79.32750000000028
34,73,40,43.75250000000008,-79.27250000000033
45,82,30,43.80750000000011,-79.22750000000038
37,78,25,43.76750000000009,-79.24750000000036
38,43,24,43.77250000000009,-79.4225000000002
9,16,29,43.62750000000002,-79.55750000000008
15,59,18,43.657500000000034,-79.34250000000027
26,68,25,43.71250000000006,-79.29750000000031
18,64,23,43.67250000000004,-79.3175000000003
19,29,22,43.677500000000045,-79.49250000000013
11,25,24,43.637500000000024,-79.51250000000012
30,38,27,43.73250000000007,-79.44750000000018
42,49,30,43.7925000000001,-79.39250000000023
29,79,30,43.72750000000007,-79.24250000000036
48,92,23,43.82250000000012,-79.17750000000042
40,88,18,43.7825000000001,-79.1975000000004
41,53,24,43.7875000000001,-79.37250000000024
20,30,29,43.68250000000005,-79.48750000000014
12,26,15,43.64250000000003,-79.50750000000012
31,39,32,43.737500000000075,-79.44250000000018
44,58,24,43.80250000000011,-79.34750000000027
4,22,16,43.602500000000006,-79.5275000000001
23,35,20,43.697500000000055,-79.46250000000016
35,9,22,43.757500000000086,-79.59250000000004
41,89,20,43.7875000000001,-79.19250000000041
33,85,25,43.74750000000008,-79.21250000000039
34,50,27,43.75250000000008,-79.38750000000023
44,94,21,43.80250000000011,-79.16750000000043
37,55,29,43.76750000000009,-79.36250000000025
22,75,22,43.69250000000005,-79.26250000000034
15,36,21,43.657500000000034,-79.45750000000017
26,45,46,43.71250000000006,-79.41250000000021
27,10,22,43.717500000000065,-79.58750000000005
18,41,19,43.67250000000004,-79.43250000000019
38,56,21,43.77250000000009,-79.35750000000026
30,15,15,43.73250000000007,-79.56250000000007
48,69,18,43.82250000000012,-79.29250000000032
27,46,28,43.717500000000065,-79.40750000000021
40,65,34,43.7825000000001,-79.3125000000003
19,42,28,43.677500000000045,-79.4275000000002
11,38,23,43.637500000000024,-79.44750000000018
31,16,25,43.737500000000075,-79.55750000000008
23,12,19,43.697500000000055,-79.57750000000006
40,101,29,43.7825000000001,-79.13250000000046
41,66,25,43.7875000000001,-79.3075000000003
33,62,17,43.74750000000008,-79.32750000000028
34,27,35,43.75250000000008,-79.50250000000013
44,71,30,43.80250000000011,-79.28250000000033
37,32,20,43.76750000000009,-79.47750000000015
16,9,30,43.66250000000004,-79.59250000000004
22,52,26,43.69250000000005,-79.37750000000024
14,48,58,43.65250000000003,-79.39750000000022
34,63,27,43.75250000000008,-79.32250000000029
26,22,34,43.71250000000006,-79.5275000000001
38,33,23,43.77250000000009,-79.47250000000015
36,72,36,43.76250000000009,-79.27750000000033
15,49,68,43.657500000000034,-79.39250000000023
47,81,31,43.817500000000116,-79.23250000000037
27,23,31,43.717500000000065,-79.52250000000011
18,54,27,43.67250000000004,-79.36750000000025
19,19,23,43.677500000000045,-79.54250000000009
11,15,35,43.637500000000024,-79.56250000000007
30,28,17,43.73250000000007,-79.49750000000013
29,69,41,43.72750000000007,-79.29250000000032
48,82,38,43.82250000000012,-79.22750000000038
21,65,30,43.68750000000005,-79.3125000000003
40,78,35,43.7825000000001,-79.24750000000036
41,43,38,43.7875000000001,-79.4225000000002
33,39,42,43.74750000000008,-79.44250000000018
12,16,17,43.64250000000003,-79.55750000000008
44,48,17,43.80250000000011,-79.39750000000022
33,75,24,43.74750000000008,-79.26250000000034
34,40,29,43.75250000000008,-79.43750000000018
25,71,29,43.70750000000006,-79.28250000000033
37,45,48,43.76750000000009,-79.41250000000021
32,79,36,43.74250000000008,-79.24250000000036
43,88,32,43.797500000000106,-79.1975000000004
22,65,28,43.69250000000005,-79.3125000000003
35,84,15,43.757500000000086,-79.21750000000038
15,26,28,43.657500000000034,-79.50750000000012
7,22,27,43.617500000000014,-79.5275000000001
26,35,14,43.71250000000006,-79.46250000000016
18,31,26,43.67250000000004,-79.48250000000014
30,5,29,43.73250000000007,-79.61250000000003
36,85,37,43.76250000000009,-79.21250000000039
28,81,37,43.72250000000007,-79.23250000000037
29,46,27,43.72750000000007,-79.40750000000021
8,23,21,43.62250000000002,-79.52250000000011
40,55,13,43.7825000000001,-79.36250000000025
11,28,16,43.637500000000024,-79.49750000000013
31,6,29,43.737500000000075,-79.60750000000003
29,82,17,43.72750000000007,-79.22750000000038
41,56,17,43.7875000000001,-79.35750000000026
33,52,28,43.74750000000008,-79.37750000000024
34,17,29,43.75250000000008,-79.55250000000008
25,48,24,43.70750000000006,-79.39750000000022
44,61,21,43.80250000000011,-79.33250000000028
37,22,25,43.76750000000009,-79.5275000000001
22,42,24,43.69250000000005,-79.4275000000002
14,38,29,43.65250000000003,-79.44750000000018
38,23,32,43.77250000000009,-79.52250000000011
36,62,25,43.76250000000009,-79.32750000000028
15,39,25,43.657500000000034,-79.44250000000018
47,71,33,43.817500000000116,-79.28250000000033
27,13,19,43.717500000000065,-79.57250000000006
18,44,43,43.67250000000004,-79.4175000000002
19,9,36,43.677500000000045,-79.59250000000004
29,59,22,43.72750000000007,-79.34250000000027
48,72,25,43.82250000000012,-79.27750000000033
21,55,26,43.68750000000005,-79.36250000000025
40,68,26,43.7825000000001,-79.29750000000031
33,29,24,43.74750000000008,-79.49250000000013
25,25,34,43.70750000000006,-79.51250000000012
10,45,19,43.63250000000002,-79.41250000000021
22,19,20,43.69250000000005,-79.54250000000009
14,15,23,43.65250000000003,-79.56250000000007
34,30,18,43.75250000000008,-79.48750000000014
25,61,15,43.70750000000006,-79.33250000000028
32,69,18,43.74250000000008,-79.29250000000032
37,35,18,43.76750000000009,-79.46250000000016
24,65,18,43.70250000000006,-79.3125000000003
43,78,21,43.797500000000106,-79.24750000000036
35,74,24,43.757500000000086,-79.26750000000034
14,51,75,43.65250000000003,-79.38250000000023
15,16,23,43.657500000000034,-79.55750000000008
18,21,15,43.67250000000004,-79.5325000000001
17,62,26,43.66750000000004,-79.32750000000028
28,71,35,43.72250000000007,-79.28250000000033
29,36,22,43.72750000000007,-79.45750000000017
47,84,31,43.817500000000116,-79.21750000000038
21,32,37,43.68750000000005,-79.47750000000015
40,45,23,43.7825000000001,-79.41250000000021
33,6,24,43.74750000000008,-79.60750000000003
10,22,20,43.63250000000002,-79.5275000000001
42,91,31,43.7925000000001,-79.18250000000042
21,68,12,43.68750000000005,-79.29750000000031
33,42,43,43.74750000000008,-79.4275000000002
34,7,22,43.75250000000008,-79.60250000000003
20,72,20,43.68250000000005,-79.27750000000033
25,38,17,43.70750000000006,-79.44750000000018
39,85,25,43.777500000000096,-79.21250000000039
23,77,38,43.697500000000055,-79.25250000000035
3,19,20,43.597500000000004,-79.54250000000009
43,55,22,43.797500000000106,-79.36250000000025
22,32,18,43.69250000000005,-79.47750000000015
14,28,18,43.65250000000003,-79.49750000000013
32,82,30,43.74250000000008,-79.22750000000038
24,78,21,43.70250000000006,-79.24750000000036
43,91,28,43.797500000000106,-79.18250000000042
17,39,31,43.66750000000004,-79.44250000000018
35,87,22,43.757500000000086,-79.2025000000004
36,52,30,43.76250000000009,-79.37750000000024
28,48,18,43.72250000000007,-79.39750000000022
29,13,21,43.72750000000007,-79.57250000000006
6,29,14,43.61250000000001,-79.49250000000013
38,98,34,43.77250000000009,-79.14750000000045
29,49,15,43.72750000000007,-79.39250000000023
21,45,23,43.68750000000005,-79.41250000000021
40,58,34,43.7825000000001,-79.34750000000027
33,19,32,43.74750000000008,-79.54250000000009
25,15,12,43.70750000000006,-79.56250000000007
39,62,36,43.777500000000096,-79.32750000000028
39,98,34,43.777500000000096,-79.14750000000045
13,46,19,43.64750000000003,-79.40750000000021
32,59,37,43.74250000000008,-79.34250000000027
24,55,17,43.70250000000006,-79.36250000000025
43,68,13,43.797500000000106,-79.29750000000031
16,51,66,43.66250000000004,-79.38250000000023
35,64,26,43.757500000000086,-79.3175000000003
36,29,14,43.76250000000009,-79.49250000000013
28,25,17,43.72250000000007,-79.51250000000012
18,11,30,43.67250000000004,-79.58250000000005
46,79,32,43.812500000000114,-79.24250000000036
17,52,67,43.66750000000004,-79.37750000000024
36,65,17,43.76250000000009,-79.3125000000003
28,61,36,43.72250000000007,-79.33250000000028
29,26,20,43.72750000000007,-79.50750000000012
21,22,21,43.68750000000005,-79.5275000000001
10,12,28,43.63250000000002,-79.57750000000006
42,81,32,43.7925000000001,-79.23250000000037
20,62,22,43.68250000000005,-79.32750000000028
25,28,13,43.70750000000006,-79.49750000000013
39,75,20,43.777500000000096,-79.26250000000034
23,67,13,43.697500000000055,-79.30250000000031
24,32,26,43.70250000000006,-79.47750000000015
43,45,25,43.797500000000106,-79.41250000000021
35,41,27,43.757500000000086,-79.43250000000019
14,18,25,43.65250000000003,-79.54750000000008
32,72,27,43.74250000000008,-79.27750000000033
45,91,28,43.80750000000011,-79.18250000000042
24,68,25,43.70250000000006,-79.29750000000031
16,64,21,43.66250000000004,-79.3175000000003
17,29,14,43.66750000000004,-79.49250000000013
36,42,38,43.76250000000009,-79.4275000000002
9,25,29,43.62750000000002,-79.51250000000012
28,38,23,43.72250000000007,-79.44750000000018
29,3,20,43.72750000000007,-79.62250000000002
6,19,17,43.61250000000001,-79.54250000000009
42,58,29,43.7925000000001,-79.34750000000027
21,35,24,43.68750000000005,-79.46250000000016
27,78,37,43.717500000000065,-79.24750000000036
33,9,31,43.74750000000008,-79.59250000000004
20,39,18,43.68250000000005,-79.44250000000018
39,52,29,43.777500000000096,-79.37750000000024
30,83,26,43.73250000000007,-79.22250000000038
31,48,24,43.737500000000075,-79.39750000000022
10,25,20,43.63250000000002,-79.51250000000012
42,94,23,43.7925000000001,-79.16750000000043
2,21,29,43.5925,-79.5325000000001
13,36,31,43.64750000000003,-79.45750000000017
31,84,20,43.737500000000075,-79.21750000000038
32,49,25,43.74250000000008,-79.39250000000023
24,45,28,43.70250000000006,-79.41250000000021
16,41,16,43.66250000000004,-79.43250000000019
35,54,17,43.757500000000086,-79.36750000000025
36,19,18,43.76250000000009,-79.54250000000009
28,15,36,43.72250000000007,-79.56250000000007
46,69,20,43.812500000000114,-79.29250000000032
38,65,36,43.77250000000009,-79.3125000000003
17,42,19,43.66750000000004,-79.4275000000002
49,74,27,43.82750000000012,-79.26750000000034
29,16,21,43.72750000000007,-79.55750000000008
21,12,24,43.68750000000005,-79.57750000000006
27,55,25,43.717500000000065,-79.36250000000025
39,29,31,43.777500000000096,-79.49250000000013
30,60,22,43.73250000000007,-79.33750000000028
50,75,30,43.832500000000124,-79.26250000000034
42,71,13,43.7925000000001,-79.28250000000033
20,52,23,43.68250000000005,-79.37750000000024
39,65,26,43.777500000000096,-79.3125000000003
12,48,71,43.64250000000003,-79.39750000000022
13,13,28,43.64750000000003,-79.57250000000006
32,26,39,43.74250000000008,-79.50750000000012
23,57,19,43.697500000000055,-79.35250000000026
24,22,28,43.70250000000006,-79.5275000000001
16,18,21,43.66250000000004,-79.54750000000008
35,31,22,43.757500000000086,-79.48250000000014
34,72,25,43.75250000000008,-79.27750000000033
13,49,63,43.64750000000003,-79.39250000000023
45,81,15,43.80750000000011,-79.23250000000037
37,77,31,43.76750000000009,-79.25250000000035
16,54,87,43.66250000000004,-79.36750000000025
17,19,35,43.66750000000004,-79.54250000000009
36,32,35,43.76250000000009,-79.47750000000015
9,15,28,43.62750000000002,-79.56250000000007
28,28,36,43.72250000000007,-79.49750000000013
26,67,22,43.71250000000006,-79.30250000000031
46,82,15,43.812500000000114,-79.22750000000038
38,78,19,43.77250000000009,-79.24750000000036
42,48,17,43.7925000000001,-79.39750000000022
27,68,32,43.717500000000065,-79.29750000000031
19,64,24,43.677500000000045,-79.3175000000003
20,29,33,43.68250000000005,-79.49250000000013
39,42,34,43.777500000000096,-79.4275000000002
12,25,21,43.64250000000003,-79.51250000000012
30,73,24,43.73250000000007,-79.27250000000033
31,38,28,43.737500000000075,-79.44750000000018
23,34,21,43.697500000000055,-79.46750000000016
35,8,26,43.757500000000086,-79.59750000000004
33,84,44,43.74750000000008,-79.21750000000038
13,26,30,43.64750000000003,-79.50750000000012
44,93,19,43.80250000000011,-79.17250000000043
32,39,21,43.74250000000008,-79.44250000000018
24,35,29,43.70250000000006,-79.46250000000016
16,31,18,43.66250000000004,-79.48250000000014
35,44,26,43.757500000000086,-79.4175000000002
22,74,22,43.69250000000005,-79.26750000000034
28,5,21,43.72250000000007,-79.61250000000003
45,94,25,43.80750000000011,-79.16750000000043
5,21,19,43.60750000000001,-79.5325000000001
37,90,26,43.76750000000009,-79.18750000000041
38,55,25,43.77250000000009,-79.36250000000025
9,28,22,43.62750000000002,-79.49750000000013
8,32,35,43.62250000000002,-79.47750000000015
26,80,31,43.71250000000006,-79.23750000000037
27,45,39,43.717500000000065,-79.41250000000021
19,41,27,43.677500000000045,-79.43250000000019
11,37,19,43.637500000000024,-79.45250000000017
31,15,35,43.737500000000075,-79.56250000000007
42,61,25,43.7925000000001,-79.33250000000028
40,100,33,43.7825000000001,-79.13750000000046
20,42,26,43.68250000000005,-79.4275000000002
12,38,30,43.64250000000003,-79.44750000000018
31,51,13,43.737500000000075,-79.38250000000023
32,16,22,43.74250000000008,-79.55750000000008
23,47,21,43.697500000000055,-79.40250000000022
24,12,17,43.70250000000006,-79.57750000000006
35,21,15,43.757500000000086,-79.5325000000001
41,101,26,43.7875000000001,-79.13250000000046
34,62,23,43.75250000000008,-79.32750000000028
45,71,37,43.80750000000011,-79.28250000000033
37,67,20,43.76750000000009,-79.30250000000031
28,18,38,43.72250000000007,-79.54750000000008
15,48,81,43.657500000000034,-79.39750000000022
26,57,29,43.71250000000006,-79.35250000000026
27,22,26,43.717500000000065,-79.5275000000001
18,53,23,43.67250000000004,-79.37250000000024
38,68,30,43.77250000000009,-79.29750000000031
30,27,26,43.73250000000007,-79.50250000000013
42,38,16,43.7925000000001,-79.44750000000018
48,81,22,43.82250000000012,-79.23250000000037
19,54,31,43.677500000000045,-79.36750000000025
20,19,26,43.68250000000005,-79.54250000000009
11,50,8,43.637500000000024,-79.38750000000023
39,32,25,43.777500000000096,-79.47750000000015
30,63,25,43.73250000000007,-79.32250000000029
31,28,24,43.737500000000075,-79.49750000000013
12,15,19,43.64250000000003,-79.56250000000007
23,24,38,43.697500000000055,-79.51750000000011
41,78,26,43.7875000000001,-79.24750000000036
34,39,29,43.75250000000008,-79.44250000000018
13,16,19,43.64750000000003,-79.55750000000008
25,70,21,43.70750000000006,-79.28750000000032
44,83,14,43.80250000000011,-79.22250000000038
24,25,33,43.70250000000006,-79.51250000000012
37,44,46,43.76750000000009,-79.4175000000002
16,21,19,43.66250000000004,-79.5325000000001
22,64,15,43.69250000000005,-79.3175000000003
14,60,32,43.65250000000003,-79.33750000000028
34,75,40,43.75250000000008,-79.26250000000034
26,34,36,43.71250000000006,-79.46750000000016
37,80,41,43.76750000000009,-79.23750000000037
38,45,21,43.77250000000009,-79.41250000000021
15,61,16,43.657500000000034,-79.33250000000028
8,22,30,43.62250000000002,-79.5275000000001
26,70,24,43.71250000000006,-79.28750000000032
27,35,31,43.717500000000065,-79.46250000000016
18,66,13,43.67250000000004,-79.3075000000003
19,31,30,43.677500000000045,-79.48250000000014
11,27,16,43.637500000000024,-79.50250000000013
30,40,14,43.73250000000007,-79.43750000000018
31,5,29,43.737500000000075,-79.61250000000003
29,81,31,43.72750000000007,-79.23250000000037
41,55,22,43.7875000000001,-79.36250000000025
20,32,23,43.68250000000005,-79.47750000000015
33,51,46,43.74750000000008,-79.38250000000023
12,28,16,43.64250000000003,-79.49750000000013
44,60,29,43.80250000000011,-79.33750000000028
32,6,27,43.74250000000008,-79.60750000000003
23,37,21,43.697500000000055,-79.45250000000017
4,24,30,43.602500000000006,-79.51750000000011
35,11,30,43.757500000000086,-79.58250000000005
22,41,20,43.69250000000005,-79.43250000000019
1,18,24,43.5875,-79.54750000000008
33,87,28,43.74750000000008,-79.2025000000004
34,52,23,43.75250000000008,-79.37750000000024
44,96,21,43.80250000000011,-79.15750000000044
45,61,27,43.80750000000011,-79.33250000000028
37,57,16,43.76750000000009,-79.35250000000026
38,22,36,43.77250000000009,-79.5275000000001
43,100,29,43.797500000000106,-79.13750000000046
15,38,20,43.657500000000034,-79.44750000000018
26,47,30,43.71250000000006,-79.40250000000022
27,12,14,43.717500000000065,-79.57750000000006
18,43,20,43.67250000000004,-79.4225000000002
36,97,21,43.76250000000009,-79.15250000000044
29,58,22,43.72750000000007,-79.34750000000027
48,71,23,43.82250000000012,-79.28250000000033
40,67,31,43.7825000000001,-79.30250000000031
19,44,39,43.677500000000045,-79.4175000000002
20,9,33,43.68250000000005,-79.59250000000004
11,40,23,43.637500000000024,-79.43750000000018
31,18,21,43.737500000000075,-79.54750000000008
23,14,20,43.697500000000055,-79.56750000000007
33,64,28,43.74750000000008,-79.3175000000003
34,29,25,43.75250000000008,-79.49250000000013
25,60,30,43.70750000000006,-79.33750000000028
44,73,27,43.80250000000011,-79.27250000000033
37,34,30,43.76750000000009,-79.46750000000016
22,54,17,43.69250000000005,-79.36750000000025
14,50,76,43.65250000000003,-79.38750000000023
15,15,22,43.657500000000034,-79.56250000000007
26,24,35,43.71250000000006,-79.51750000000011
18,20,23,43.67250000000004,-79.5375000000001
38,35,27,43.77250000000009,-79.46250000000016
36,74,37,43.76250000000009,-79.26750000000034
15,51,77,43.657500000000034,-79.38250000000023
28,70,31,43.72250000000007,-79.28750000000032
47,83,27,43.817500000000116,-79.22250000000038
27,25,17,43.717500000000065,-79.51250000000012
18,56,22,43.67250000000004,-79.35750000000026
19,21,29,43.677500000000045,-79.5325000000001
11,17,14,43.637500000000024,-79.55250000000008
30,30,22,43.73250000000007,-79.48750000000014
29,71,19,43.72750000000007,-79.28250000000033
48,84,22,43.82250000000012,-79.21750000000038
21,67,29,43.68750000000005,-79.30250000000031
40,80,23,43.7825000000001,-79.23750000000037
41,45,20,43.7875000000001,-79.41250000000021
33,41,34,43.74750000000008,-79.43250000000019
25,37,15,43.70750000000006,-79.45250000000017
44,50,15,43.80250000000011,-79.38750000000023
22,31,21,43.69250000000005,-79.48250000000014
25,73,21,43.70750000000006,-79.27250000000033
45,51,17,43.80750000000011,-79.38250000000023
32,81,20,43.74250000000008,-79.23250000000037
37,47,32,43.76750000000009,-79.40250000000022
24,77,34,43.70250000000006,-79.25250000000035
43,90,23,43.797500000000106,-79.18750000000041
14,63,24,43.65250000000003,-79.32250000000029
15,28,14,43.657500000000034,-79.49750000000013
7,24,19,43.617500000000014,-79.51750000000011
26,37,15,43.71250000000006,-79.45250000000017
18,33,18,43.67250000000004,-79.47250000000015
30,7,28,43.73250000000007,-79.60250000000003
36,87,24,43.76250000000009,-79.2025000000004
29,48,16,43.72750000000007,-79.39750000000022
21,44,34,43.68750000000005,-79.4175000000002
11,30,28,43.637500000000024,-79.48750000000014
10,34,24,43.63250000000002,-79.46750000000016
41,58,31,43.7875000000001,-79.34750000000027
33,54,33,43.74750000000008,-79.36750000000025
34,19,22,43.75250000000008,-79.54250000000009
25,50,37,43.70750000000006,-79.38750000000023
44,63,20,43.80250000000011,-79.32250000000029
39,97,23,43.777500000000096,-79.15250000000044
37,24,35,43.76750000000009,-79.51750000000011
43,67,35,43.797500000000106,-79.30250000000031
22,44,26,43.69250000000005,-79.4175000000002
14,40,28,43.65250000000003,-79.43750000000018
26,14,13,43.71250000000006,-79.56750000000007
17,51,73,43.66750000000004,-79.38250000000023
36,64,29,43.76250000000009,-79.3175000000003
28,60,19,43.72250000000007,-79.33750000000028
47,73,23,43.817500000000116,-79.27250000000033
40,34,16,43.7825000000001,-79.46750000000016
19,11,20,43.677500000000045,-79.58250000000005
29,61,23,43.72750000000007,-79.33250000000028
21,57,25,43.68750000000005,-79.35250000000026
40,70,18,43.7825000000001,-79.28750000000032
41,35,30,43.7875000000001,-79.46250000000016
33,31,24,43.74750000000008,-79.48250000000014
25,27,25,43.70750000000006,-79.50250000000013
10,47,27,43.63250000000002,-79.40250000000022
22,21,17,43.69250000000005,-79.5325000000001
14,17,19,43.65250000000003,-79.55250000000008
32,71,24,43.74250000000008,-79.28250000000033
24,67,14,43.70250000000006,-79.30250000000031
43,80,14,43.797500000000106,-79.23750000000037
16,63,33,43.66250000000004,-79.32250000000029
35,76,30,43.757500000000086,-79.25750000000035
15,18,17,43.657500000000034,-79.54750000000008
18,23,23,43.67250000000004,-79.52250000000011
46,91,33,43.812500000000114,-79.18250000000042
17,64,34,43.66750000000004,-79.3175000000003
36,77,29,43.76250000000009,-79.25250000000035
28,73,28,43.72250000000007,-79.27250000000033
21,34,21,43.68750000000005,-79.46750000000016
40,47,15,43.7825000000001,-79.40250000000022
33,8,14,43.74750000000008,-79.59750000000004
10,24,30,43.63250000000002,-79.51750000000011
42,93,31,43.7925000000001,-79.17250000000043
2,20,33,43.5925,-79.5375000000001
34,9,16,43.75250000000008,-79.59250000000004
25,40,26,43.70750000000006,-79.43750000000018
20,74,31,43.68250000000005,-79.26750000000034
39,87,24,43.777500000000096,-79.2025000000004
31,83,23,43.737500000000075,-79.22250000000038
32,48,38,43.74250000000008,-79.39750000000022
3,21,34,43.597500000000004,-79.5325000000001
43,57,28,43.797500000000106,-79.35250000000026
35,53,25,43.757500000000086,-79.37250000000024
32,84,26,43.74250000000008,-79.21750000000038
17,41,32,43.66750000000004,-79.43250000000019
35,89,15,43.757500000000086,-79.19250000000041
36,54,18,43.76250000000009,-79.36750000000025
28,50,19,43.72250000000007,-79.38750000000023
29,15,29,43.72750000000007,-79.56250000000007
47,63,18,43.817500000000116,-79.32250000000029
21,11,22,43.68750000000005,-79.58250000000005
38,100,21,43.77250000000009,-79.13750000000046
50,74,16,43.832500000000124,-79.26750000000034
29,51,24,43.72750000000007,-79.38250000000023
42,70,15,43.7925000000001,-79.28750000000032
21,47,22,43.68750000000005,-79.40250000000022
33,21,18,43.74750000000008,-79.5325000000001
25,17,25,43.70750000000006,-79.55250000000008
39,64,21,43.777500000000096,-79.3175000000003
31,60,21,43.737500000000075,-79.33750000000028
22,11,33,43.69250000000005,-79.58250000000005
14,7,26,43.65250000000003,-79.60250000000003
13,48,75,43.64750000000003,-79.39750000000022
32,61,15,43.74250000000008,-79.33250000000028
24,57,24,43.70250000000006,-79.35250000000026
43,70,30,43.797500000000106,-79.28750000000032
16,53,59,43.66250000000004,-79.37250000000024
35,66,14,43.757500000000086,-79.3075000000003
36,31,31,43.76250000000009,-79.48250000000014
28,27,24,43.72250000000007,-79.50250000000013
46,81,19,43.812500000000114,-79.23250000000037
38,77,31,43.77250000000009,-79.25250000000035
17,54,64,43.66750000000004,-79.36750000000025
28,63,24,43.72250000000007,-79.32250000000029
29,28,27,43.72750000000007,-79.49750000000013
21,24,28,43.68750000000005,-79.51750000000011
40,37,21,43.7825000000001,-79.45250000000017
27,67,24,43.717500000000065,-79.30250000000031
30,72,28,43.73250000000007,-79.27750000000033
10,14,19,43.63250000000002,-79.56750000000007
20,64,25,43.68250000000005,-79.3175000000003
39,77,25,43.777500000000096,-79.25250000000035
13,25,26,43.64750000000003,-79.51250000000012
31,73,18,43.737500000000075,-79.27250000000033
32,38,26,43.74250000000008,-79.44750000000018
23,69,26,43.697500000000055,-79.29250000000032
24,34,27,43.70250000000006,-79.46750000000016
43,47,36,43.797500000000106,-79.40250000000022
35,43,42,43.757500000000086,-79.4225000000002
45,93,33,43.80750000000011,-79.17250000000043
5,20,37,43.60750000000001,-79.5375000000001
24,70,26,43.70250000000006,-79.28750000000032
37,89,28,43.76750000000009,-79.19250000000041
16,66,19,43.66250000000004,-79.3075000000003
17,31,19,43.66750000000004,-79.48250000000014
36,44,24,43.76250000000009,-79.4175000000002
9,27,35,43.62750000000002,-79.50250000000013
28,40,24,43.72250000000007,-79.43750000000018
26,79,24,43.71250000000006,-79.24250000000036
6,21,25,43.61250000000001,-79.5325000000001
38,90,18,43.77250000000009,-79.18750000000041
42,60,23,43.7925000000001,-79.33750000000028
27,80,32,43.717500000000065,-79.23750000000037
33,11,16,43.74750000000008,-79.58250000000005
20,41,18,43.68250000000005,-79.43250000000019
39,54,27,43.777500000000096,-79.36750000000025
30,85,37,43.73250000000007,-79.21250000000039
23,46,22,43.697500000000055,-79.40750000000021
2,23,24,43.5925,-79.52250000000011
41,100,28,43.7875000000001,-79.13750000000046
13,38,21,43.64750000000003,-79.44750000000018
32,51,42,43.74250000000008,-79.38250000000023
24,47,39,43.70250000000006,-79.40250000000022
16,43,22,43.66250000000004,-79.4225000000002
36,21,22,43.76250000000009,-79.5325000000001
28,17,18,43.72250000000007,-79.55250000000008
46,71,23,43.812500000000114,-79.28250000000033
38,67,23,43.77250000000009,-79.30250000000031
49,76,23,43.82750000000012,-79.25750000000035
29,18,24,43.72750000000007,-79.54750000000008
21,14,31,43.68750000000005,-79.56750000000007
27,57,21,43.717500000000065,-79.35250000000026
19,53,22,43.677500000000045,-79.37250000000024
39,31,23,43.777500000000096,-79.48250000000014
31,27,24,43.737500000000075,-79.50250000000013
50,77,28,43.832500000000124,-79.25250000000035
42,73,28,43.7925000000001,-79.27250000000033
20,54,28,43.68250000000005,-79.36750000000025
39,67,27,43.777500000000096,-79.30250000000031
12,50,77,43.64250000000003,-79.38750000000023
13,15,28,43.64750000000003,-79.56250000000007
32,28,21,43.74250000000008,-79.49750000000013
24,24,16,43.70250000000006,-79.51750000000011
16,20,24,43.66250000000004,-79.5375000000001
35,33,19,43.757500000000086,-79.47250000000015
34,74,25,43.75250000000008,-79.26750000000034
45,83,15,43.80750000000011,-79.22250000000038
37,79,28,43.76750000000009,-79.24250000000036
38,44,50,43.77250000000009,-79.4175000000002
17,21,29,43.66750000000004,-79.5325000000001
15,60,15,43.657500000000034,-79.33750000000028
26,69,30,43.71250000000006,-79.29250000000032
27,34,14,43.717500000000065,-79.46750000000016
46,84,28,43.812500000000114,-79.21750000000038
18,65,30,43.67250000000004,-79.3125000000003
38,80,35,43.77250000000009,-79.23750000000037
30,39,27,43.73250000000007,-79.44250000000018
42,50,23,43.7925000000001,-79.38750000000023
27,70,18,43.717500000000065,-79.28750000000032
19,66,28,43.677500000000045,-79.3075000000003
20,31,37,43.68250000000005,-79.48250000000014
39,44,47,43.777500000000096,-79.4175000000002
12,27,20,43.64250000000003,-79.50250000000013
30,75,42,43.73250000000007,-79.26250000000034
31,40,25,43.737500000000075,-79.43750000000018
32,5,15,43.74250000000008,-79.61250000000003
4,23,22,43.602500000000006,-79.52250000000011
23,36,20,43.697500000000055,-79.45750000000017
35,10,30,43.757500000000086,-79.58750000000005
41,90,19,43.7875000000001,-79.18750000000041
33,86,37,43.74750000000008,-79.2075000000004
13,28,16,43.64750000000003,-79.49750000000013
44,95,29,43.80250000000011,-79.16250000000043
45,60,32,43.80750000000011,-79.33750000000028
24,37,24,43.70250000000006,-79.45250000000017
16,33,29,43.66250000000004,-79.47250000000015
28,7,17,43.72250000000007,-79.60250000000003
34,87,21,43.75250000000008,-79.2025000000004
46,61,28,43.812500000000114,-79.33250000000028
5,23,30,43.60750000000001,-79.52250000000011
37,92,30,43.76750000000009,-79.17750000000042
38,57,32,43.77250000000009,-79.35250000000026
27,47,46,43.717500000000065,-79.40250000000022
19,43,23,43.677500000000045,-79.4225000000002
20,8,21,43.68250000000005,-79.59750000000004
11,39,26,43.637500000000024,-79.44250000000018
31,17,27,43.737500000000075,-79.55250000000008
23,13,30,43.697500000000055,-79.57250000000006
40,102,21,43.7825000000001,-79.12750000000047
41,67,26,43.7875000000001,-79.30250000000031
20,44,41,43.68250000000005,-79.4175000000002
12,40,27,43.64250000000003,-79.43750000000018
44,72,20,43.80250000000011,-79.27750000000033
32,18,29,43.74250000000008,-79.54750000000008
23,49,41,43.697500000000055,-79.39250000000023
24,14,29,43.70250000000006,-79.56750000000007
16,10,24,43.66250000000004,-79.58750000000005
35,23,21,43.757500000000086,-79.52250000000011
34,64,18,43.75250000000008,-79.3175000000003
45,73,28,43.80750000000011,-79.27250000000033
37,69,17,43.76750000000009,-79.29250000000032
38,34,14,43.77250000000009,-79.46750000000016
17,11,20,43.66750000000004,-79.58250000000005
15,50,50,43.657500000000034,-79.38750000000023
27,24,19,43.717500000000065,-79.51750000000011
18,55,29,43.67250000000004,-79.36250000000025
19,20,36,43.677500000000045,-79.5375000000001
30,29,14,43.73250000000007,-79.49250000000013
42,40,21,43.7925000000001,-79.43750000000018
48,83,18,43.82250000000012,-79.22250000000038
40,79,25,43.7825000000001,-79.24250000000036
19,56,28,43.677500000000045,-79.35750000000026
20,21,27,43.68250000000005,-79.5325000000001
11,52,10,43.637500000000024,-79.37750000000024
12,17,30,43.64250000000003,-79.55250000000008
39,34,20,43.777500000000096,-79.46750000000016
31,30,21,43.737500000000075,-79.48750000000014
23,26,16,43.697500000000055,-79.50750000000012
41,80,17,43.7875000000001,-79.23750000000037
33,76,25,43.74750000000008,-79.25750000000035
13,18,29,43.64750000000003,-79.54750000000008
25,72,36,43.70750000000006,-79.27750000000033
44,85,27,43.80250000000011,-79.21250000000039
37,46,43,43.76750000000009,-79.40750000000021
16,23,22,43.66250000000004,-79.52250000000011
22,66,27,43.69250000000005,-79.3075000000003
15,27,19,43.657500000000034,-79.50250000000013
26,36,30,43.71250000000006,-79.45750000000017
18,32,24,43.67250000000004,-79.47750000000015
38,47,26,43.77250000000009,-79.40250000000022
36,86,33,43.76250000000009,-79.2075000000004
8,24,20,43.62250000000002,-79.51750000000011
27,37,15,43.717500000000065,-79.45250000000017
18,68,15,43.67250000000004,-79.29750000000031
19,33,20,43.677500000000045,-79.47250000000015
11,29,31,43.637500000000024,-79.49250000000013
30,42,17,43.73250000000007,-79.4275000000002
31,7,15,43.737500000000075,-79.60250000000003
40,92,22,43.7825000000001,-79.17750000000042
41,57,26,43.7875000000001,-79.35250000000026
33,53,23,43.74750000000008,-79.37250000000024
12,30,29,43.64250000000003,-79.48750000000014
25,49,31,43.70750000000006,-79.39250000000023
4,26,29,43.602500000000006,-79.50750000000012
44,62,28,43.80250000000011,-79.32750000000028
35,13,36,43.757500000000086,-79.57250000000006
1,20,24,43.5875,-79.5375000000001
14,39,19,43.65250000000003,-79.44250000000018
33,89,25,43.74750000000008,-79.19250000000041
34,54,33,43.75250000000008,-79.36750000000025
45,63,25,43.80750000000011,-79.32250000000029
37,59,23,43.76750000000009,-79.34250000000027
15,40,25,43.657500000000034,-79.43750000000018
26,49,41,43.71250000000006,-79.39250000000023
27,14,19,43.717500000000065,-79.56750000000007
18,45,23,43.67250000000004,-79.41250000000021
19,10,14,43.677500000000045,-79.58750000000005
29,60,33,43.72750000000007,-79.33750000000028
48,73,26,43.82250000000012,-79.27250000000033
21,56,22,43.68750000000005,-79.35750000000026
40,69,26,43.7825000000001,-79.29250000000032
20,11,23,43.68250000000005,-79.58250000000005
11,42,24,43.637500000000024,-79.4275000000002
31,20,25,43.737500000000075,-79.5375000000001
23,16,28,43.697500000000055,-79.55750000000008
10,46,23,43.63250000000002,-79.40750000000021
41,70,22,43.7875000000001,-79.28750000000032
33,66,21,43.74750000000008,-79.3075000000003
34,31,31,43.75250000000008,-79.48250000000014
25,62,27,43.70750000000006,-79.32750000000028
44,75,17,43.80250000000011,-79.26250000000034
37,36,12,43.76750000000009,-79.45750000000017
22,56,25,43.69250000000005,-79.35750000000026
14,52,79,43.65250000000003,-79.37750000000024
15,17,23,43.657500000000034,-79.55250000000008
26,26,38,43.71250000000006,-79.50750000000012
18,22,28,43.67250000000004,-79.5275000000001
38,37,35,43.77250000000009,-79.45250000000017
17,63,32,43.66750000000004,-79.32250000000029
36,76,41,43.76250000000009,-79.25750000000035
28,72,16,43.72250000000007,-79.27750000000033
47,85,23,43.817500000000116,-79.21250000000039
27,27,19,43.717500000000065,-79.50250000000013
40,46,12,43.7825000000001,-79.40750000000021
19,23,39,43.677500000000045,-79.52250000000011
11,19,22,43.637500000000024,-79.54250000000009
30,32,25,43.73250000000007,-79.47750000000015
29,73,29,43.72750000000007,-79.27250000000033
21,69,31,43.68750000000005,-79.29250000000032
40,82,18,43.7825000000001,-79.22750000000038
41,47,24,43.7875000000001,-79.40250000000022
33,43,47,43.74750000000008,-79.4225000000002
34,8,19,43.75250000000008,-79.59750000000004
25,39,32,43.70750000000006,-79.44250000000018
44,52,13,43.80250000000011,-79.37750000000024
4,16,39,43.602500000000006,-79.55750000000008
22,33,32,43.69250000000005,-79.47250000000015
34,44,37,43.75250000000008,-79.4175000000002
37,49,41,43.76750000000009,-79.39250000000023
32,83,38,43.74250000000008,-79.22250000000038
24,79,31,43.70250000000006,-79.24250000000036
43,92,13,43.797500000000106,-79.17750000000042
35,88,25,43.757500000000086,-79.1975000000004
36,53,18,43.76250000000009,-79.37250000000024
15,30,25,43.657500000000034,-79.48750000000014
47,62,24,43.817500000000116,-79.32750000000028
7,26,17,43.617500000000014,-79.50750000000012
26,39,18,43.71250000000006,-79.44250000000018
27,4,26,43.717500000000065,-79.61750000000002
18,35,18,43.67250000000004,-79.46250000000016
30,9,30,43.73250000000007,-79.59250000000004
36,89,20,43.76250000000009,-79.19250000000041
29,50,23,43.72750000000007,-79.38750000000023
21,46,42,43.68750000000005,-79.40750000000021
40,59,38,43.7825000000001,-79.34250000000027
33,56,15,43.74750000000008,-79.35750000000026
34,21,17,43.75250000000008,-79.5325000000001
25,52,18,43.70750000000006,-79.37750000000024
39,99,39,43.777500000000096,-79.14250000000045
37,26,27,43.76750000000009,-79.50750000000012
43,69,25,43.797500000000106,-79.29250000000032
35,65,32,43.757500000000086,-79.3125000000003
14,42,32,43.65250000000003,-79.4275000000002
26,16,32,43.71250000000006,-79.55750000000008
17,53,70,43.66750000000004,-79.37250000000024
36,66,40,43.76250000000009,-79.3075000000003
29,27,30,43.72750000000007,-79.50250000000013
47,75,37,43.817500000000116,-79.26250000000034
40,36,24,43.7825000000001,-79.45750000000017
42,82,15,43.7925000000001,-79.22750000000038
21,59,18,43.68750000000005,-79.34250000000027
41,37,31,43.7875000000001,-79.45250000000017
25,29,20,43.70750000000006,-79.49250000000013
39,76,23,43.777500000000096,-79.25750000000035
31,72,21,43.737500000000075,-79.27750000000033
22,23,20,43.69250000000005,-79.52250000000011
14,19,17,43.65250000000003,-79.54250000000009
13,60,26,43.64750000000003,-79.33750000000028
32,73,29,43.74250000000008,-79.27250000000033
24,69,31,43.70250000000006,-79.29250000000032
43,82,26,43.797500000000106,-79.22750000000038
16,65,31,43.66250000000004,-79.3125000000003
35,78,31,43.757500000000086,-79.24750000000036
36,43,39,43.76250000000009,-79.4225000000002
28,39,21,43.72250000000007,-79.44250000000018
7,16,26,43.617500000000014,-79.55750000000008
38,89,20,43.77250000000009,-79.19250000000041
17,66,18,43.66750000000004,-79.3075000000003
28,75,14,43.72250000000007,-79.26250000000034
29,40,24,43.72750000000007,-79.43750000000018
21,36,25,43.68750000000005,-79.45750000000017
27,79,33,43.717500000000065,-79.24250000000036
33,10,33,43.74750000000008,-79.58750000000005
30,84,29,43.73250000000007,-79.21750000000038
10,26,20,43.63250000000002,-79.50750000000012
42,95,29,43.7925000000001,-79.16250000000043
2,22,17,43.5925,-79.5275000000001
25,42,17,43.70750000000006,-79.4275000000002
31,85,35,43.737500000000075,-79.21250000000039
37,16,30,43.76750000000009,-79.55750000000008
32,50,25,43.74250000000008,-79.38750000000023
24,46,33,43.70250000000006,-79.40750000000021
43,59,16,43.797500000000106,-79.34250000000027
3,23,30,43.597500000000004,-79.52250000000011
35,55,27,43.757500000000086,-79.36250000000025
14,32,19,43.65250000000003,-79.47750000000015
17,43,28,43.66750000000004,-79.4225000000002
36,56,26,43.76250000000009,-79.35750000000026
28,52,21,43.72250000000007,-79.37750000000024
29,17,27,43.72750000000007,-79.55250000000008
47,65,31,43.817500000000116,-79.3125000000003
21,13,22,43.68750000000005,-79.57250000000006
50,76,27,43.832500000000124,-79.25750000000035
42,72,28,43.7925000000001,-79.27750000000033
21,49,23,43.68750000000005,-79.39250000000023
20,53,27,43.68250000000005,-79.37250000000024
39,66,22,43.777500000000096,-79.3075000000003
31,62,22,43.737500000000075,-79.32750000000028
23,58,17,43.697500000000055,-79.34750000000027
22,13,26,43.69250000000005,-79.57250000000006
13,50,85,43.64750000000003,-79.38750000000023
32,63,20,43.74250000000008,-79.32250000000029
43,72,20,43.797500000000106,-79.27750000000033
16,55,46,43.66250000000004,-79.36250000000025
17,20,24,43.66750000000004,-79.5375000000001
35,68,24,43.757500000000086,-79.29750000000031
28,29,29,43.72250000000007,-79.49250000000013
46,83,28,43.812500000000114,-79.22250000000038
38,79,30,43.77250000000009,-79.24250000000036
17,56,24,43.66750000000004,-79.35750000000026
49,88,15,43.82750000000012,-79.1975000000004
29,30,22,43.72750000000007,-79.48750000000014
21,26,30,43.68750000000005,-79.50750000000012
27,69,35,43.717500000000065,-79.29250000000032
33,0,28,43.74750000000008,-79.6375
19,65,17,43.677500000000045,-79.3125000000003
39,43,26,43.777500000000096,-79.4225000000002
30,74,37,43.73250000000007,-79.26750000000034
10,16,24,43.63250000000002,-79.55750000000008
42,85,14,43.7925000000001,-79.21250000000039
20,66,31,43.68250000000005,-79.3075000000003
13,27,20,43.64750000000003,-79.50250000000013
31,75,27,43.737500000000075,-79.26250000000034
32,40,44,43.74250000000008,-79.43750000000018
23,71,24,43.697500000000055,-79.28250000000033
24,36,38,43.70250000000006,-79.45750000000017
43,49,24,43.797500000000106,-79.39250000000023
16,32,35,43.66250000000004,-79.47750000000015
35,45,52,43.757500000000086,-79.41250000000021
28,6,22,43.72250000000007,-79.60750000000003
45,95,24,43.80750000000011,-79.16250000000043
5,22,22,43.60750000000001,-79.5275000000001
46,60,16,43.812500000000114,-79.33750000000028
37,91,25,43.76750000000009,-79.18250000000042
17,33,16,43.66750000000004,-79.47250000000015
9,29,27,43.62750000000002,-79.49250000000013
28,42,22,43.72250000000007,-79.4275000000002
26,81,44,43.71250000000006,-79.23250000000037
38,92,19,43.77250000000009,-79.17750000000042
42,62,21,43.7925000000001,-79.32750000000028
20,43,29,43.68250000000005,-79.4225000000002
39,56,16,43.777500000000096,-79.35750000000026
12,39,30,43.64250000000003,-79.44250000000018
31,52,25,43.737500000000075,-79.37750000000024
32,17,17,43.74250000000008,-79.55250000000008
23,48,45,43.697500000000055,-79.39750000000022
24,13,20,43.70250000000006,-79.57250000000006
41,102,21,43.7875000000001,-79.12750000000047
13,40,17,43.64750000000003,-79.43750000000018
45,72,26,43.80750000000011,-79.27750000000033
24,49,44,43.70250000000006,-79.39250000000023
16,45,23,43.66250000000004,-79.41250000000021
17,10,23,43.66750000000004,-79.58750000000005
35,58,22,43.757500000000086,-79.34750000000027
36,23,20,43.76250000000009,-79.52250000000011
46,73,35,43.812500000000114,-79.27250000000033
38,69,22,43.77250000000009,-79.29250000000032
49,78,15,43.82750000000012,-79.24750000000036
42,39,31,43.7925000000001,-79.44250000000018
21,16,20,43.68750000000005,-79.55750000000008
19,55,15,43.677500000000045,-79.36250000000025
20,20,22,43.68250000000005,-79.5375000000001
39,33,22,43.777500000000096,-79.47250000000015
11,51,14,43.637500000000024,-79.38250000000023
31,29,28,43.737500000000075,-79.49250000000013
23,25,27,43.697500000000055,-79.51250000000012
41,79,22,43.7875000000001,-79.24250000000036
20,56,18,43.68250000000005,-79.35750000000026
12,52,52,43.64250000000003,-79.37750000000024
31,65,27,43.737500000000075,-79.3125000000003
44,84,28,43.80250000000011,-79.21750000000038
32,30,27,43.74250000000008,-79.48750000000014
23,61,33,43.697500000000055,-79.33250000000028
24,26,16,43.70250000000006,-79.50750000000012
16,22,31,43.66250000000004,-79.5275000000001
35,35,29,43.757500000000086,-79.46250000000016
34,76,33,43.75250000000008,-79.25750000000035
45,85,14,43.80750000000011,-79.21250000000039
37,81,31,43.76750000000009,-79.23250000000037
38,46,42,43.77250000000009,-79.40750000000021
17,23,23,43.66750000000004,-79.52250000000011
9,19,25,43.62750000000002,-79.54250000000009
15,62,28,43.657500000000034,-79.32750000000028
26,71,17,43.71250000000006,-79.28250000000033
27,36,15,43.717500000000065,-79.45750000000017
18,67,36,43.67250000000004,-79.30250000000031
19,32,19,43.677500000000045,-79.47750000000015
38,82,23,43.77250000000009,-79.22750000000038
30,41,29,43.73250000000007,-79.43250000000019
27,72,32,43.717500000000065,-79.27750000000033
40,91,18,43.7825000000001,-79.18250000000042
19,68,20,43.677500000000045,-79.29750000000031
20,33,17,43.68250000000005,-79.47250000000015
39,46,36,43.777500000000096,-79.40750000000021
12,29,25,43.64250000000003,-79.49250000000013
30,77,24,43.73250000000007,-79.25250000000035
31,42,33,43.737500000000075,-79.4275000000002
4,25,30,43.602500000000006,-79.51250000000012
32,7,32,43.74250000000008,-79.60250000000003
23,38,25,43.697500000000055,-79.44750000000018
35,12,38,43.757500000000086,-79.57750000000006
41,92,16,43.7875000000001,-79.17750000000042
1,19,15,43.5875,-79.54250000000009
33,88,30,43.74750000000008,-79.1975000000004
34,53,34,43.75250000000008,-79.37250000000024
13,30,38,43.64750000000003,-79.48750000000014
44,97,31,43.80250000000011,-79.15250000000044
45,62,32,43.80750000000011,-79.32750000000028
37,58,20,43.76750000000009,-79.34750000000027
16,35,14,43.66250000000004,-79.46250000000016
36,13,18,43.76250000000009,-79.57250000000006
28,9,26,43.72250000000007,-79.59250000000004
34,89,28,43.75250000000008,-79.19250000000041
26,48,26,43.71250000000006,-79.39750000000022
46,63,18,43.812500000000114,-79.32250000000029
37,94,19,43.76750000000009,-79.16750000000043
38,59,24,43.77250000000009,-79.34250000000027
49,68,33,43.82750000000012,-79.29750000000031
27,49,49,43.717500000000065,-79.39250000000023
19,45,40,43.677500000000045,-79.41250000000021
20,10,20,43.68250000000005,-79.58750000000005
11,41,33,43.637500000000024,-79.43250000000019
30,54,20,43.73250000000007,-79.36750000000025
31,19,34,43.737500000000075,-79.54250000000009
23,15,34,43.697500000000055,-79.56250000000007
41,69,25,43.7875000000001,-79.29250000000032
33,65,17,43.74750000000008,-79.3125000000003
12,42,20,43.64250000000003,-79.4275000000002
13,7,12,43.64750000000003,-79.60250000000003
44,74,29,43.80250000000011,-79.26750000000034
32,20,21,43.74250000000008,-79.5375000000001
24,16,25,43.70250000000006,-79.55750000000008
35,25,19,43.757500000000086,-79.51250000000012
22,55,21,43.69250000000005,-79.36250000000025
34,66,13,43.75250000000008,-79.3075000000003
45,75,17,43.80750000000011,-79.26250000000034
37,71,21,43.76750000000009,-79.28250000000033
38,36,18,43.77250000000009,-79.45750000000017
15,52,67,43.657500000000034,-79.37750000000024
26,61,12,43.71250000000006,-79.33250000000028
27,26,33,43.717500000000065,-79.50750000000012
18,57,32,43.67250000000004,-79.35250000000026
19,22,31,43.677500000000045,-79.5275000000001
11,18,21,43.637500000000024,-79.54750000000008
30,31,16,43.73250000000007,-79.48250000000014
42,42,17,43.7925000000001,-79.4275000000002
29,72,28,43.72750000000007,-79.27750000000033
48,85,14,43.82250000000012,-79.21250000000039
40,81,20,43.7825000000001,-79.23250000000037
41,46,20,43.7875000000001,-79.40750000000021
20,23,15,43.68250000000005,-79.52250000000011
12,19,28,43.64250000000003,-79.54250000000009
31,32,34,43.737500000000075,-79.47750000000015
23,28,33,43.697500000000055,-79.49750000000013
41,82,24,43.7875000000001,-79.22750000000038
33,78,25,43.74750000000008,-79.24750000000036
34,43,47,43.75250000000008,-79.4225000000002
25,74,30,43.70750000000006,-79.26750000000034
45,52,31,43.80750000000011,-79.37750000000024
37,48,43,43.76750000000009,-79.39750000000022
22,68,15,43.69250000000005,-79.29750000000031
15,29,19,43.657500000000034,-79.49250000000013
26,38,32,43.71250000000006,-79.44750000000018
18,34,17,43.67250000000004,-79.46750000000016
38,49,36,43.77250000000009,-79.39250000000023
30,8,24,43.73250000000007,-79.59750000000004
36,88,31,43.76250000000009,-79.1975000000004
8,26,29,43.62250000000002,-79.50750000000012
27,39,23,43.717500000000065,-79.44250000000018
19,35,31,43.677500000000045,-79.46250000000016
30,44,17,43.73250000000007,-79.4175000000002
31,9,28,43.737500000000075,-79.59250000000004
40,94,22,43.7825000000001,-79.16750000000043
41,59,14,43.7875000000001,-79.34250000000027
33,55,20,43.74750000000008,-79.36250000000025
34,20,32,43.75250000000008,-79.5375000000001
25,51,38,43.70750000000006,-79.38250000000023
4,28,27,43.602500000000006,-79.49750000000013
44,64,33,43.80250000000011,-79.3175000000003
24,6,17,43.70250000000006,-79.60750000000003
37,25,20,43.76750000000009,-79.51250000000012
22,45,48,43.69250000000005,-79.41250000000021
14,41,23,43.65250000000003,-79.43250000000019
34,56,22,43.75250000000008,-79.35750000000026
26,15,19,43.71250000000006,-79.56250000000007
37,61,19,43.76750000000009,-79.33250000000028
15,42,34,43.657500000000034,-79.4275000000002
47,74,15,43.817500000000116,-79.26750000000034
26,51,28,43.71250000000006,-79.38250000000023
27,16,21,43.717500000000065,-79.55750000000008
18,47,32,43.67250000000004,-79.40250000000022
30,21,26,43.73250000000007,-79.5325000000001
29,62,31,43.72750000000007,-79.32750000000028
48,75,18,43.82250000000012,-79.26250000000034
21,58,20,43.68750000000005,-79.34750000000027
40,71,21,43.7825000000001,-79.28250000000033
41,36,14,43.7875000000001,-79.45750000000017
20,13,26,43.68250000000005,-79.57250000000006
23,18,16,43.697500000000055,-79.54750000000008
10,48,14,43.63250000000002,-79.39750000000022
33,68,18,43.74750000000008,-79.29750000000031
25,64,23,43.70750000000006,-79.3175000000003
43,81,35,43.797500000000106,-79.23250000000037
22,58,21,43.69250000000005,-79.34750000000027
14,54,69,43.65250000000003,-79.36750000000025
15,19,17,43.657500000000034,-79.54250000000009
7,15,23,43.617500000000014,-79.56250000000007
26,28,26,43.71250000000006,-79.49750000000013
18,24,24,43.67250000000004,-79.51750000000011
17,65,32,43.66750000000004,-79.3125000000003
36,78,27,43.76250000000009,-79.24750000000036
28,74,21,43.72250000000007,-79.26750000000034
29,39,26,43.72750000000007,-79.44250000000018
47,87,19,43.817500000000116,-79.2025000000004
8,16,16,43.62250000000002,-79.55750000000008
40,48,36,43.7825000000001,-79.39750000000022
19,25,27,43.677500000000045,-79.51250000000012
11,21,28,43.637500000000024,-79.5325000000001
29,75,25,43.72750000000007,-79.26250000000034
21,71,33,43.68750000000005,-79.28250000000033
41,49,18,43.7875000000001,-79.39250000000023
34,10,22,43.75250000000008,-79.58750000000005
25,41,26,43.70750000000006,-79.43250000000019
44,54,19,43.80250000000011,-79.36750000000025
37,15,19,43.76750000000009,-79.56250000000007
3,22,16,43.597500000000004,-79.5275000000001
22,35,19,43.69250000000005,-79.46250000000016
14,31,20,43.65250000000003,-79.48250000000014
32,85,29,43.74250000000008,-79.21250000000039
43,94,32,43.797500000000106,-79.16750000000043
35,90,31,43.757500000000086,-79.18750000000041
36,55,28,43.76250000000009,-79.36250000000025
15,32,19,43.657500000000034,-79.47750000000015
28,51,20,43.72250000000007,-79.38250000000023
7,28,27,43.617500000000014,-79.49750000000013
18,37,15,43.67250000000004,-79.45250000000017
30,11,23,43.73250000000007,-79.58250000000005
48,65,21,43.82250000000012,-79.3125000000003
21,48,37,43.68750000000005,-79.39750000000022
40,61,19,43.7825000000001,-79.33250000000028
33,22,34,43.74750000000008,-79.5275000000001
22,12,29,43.69250000000005,-79.57750000000006
34,23,20,43.75250000000008,-79.52250000000011
25,54,27,43.70750000000006,-79.36750000000025
37,28,22,43.76750000000009,-79.49750000000013
32,62,28,43.74250000000008,-79.32750000000028
24,58,23,43.70250000000006,-79.34750000000027
43,71,25,43.797500000000106,-79.28250000000033
35,67,22,43.757500000000086,-79.30250000000031
14,44,36,43.65250000000003,-79.4175000000002
26,18,18,43.71250000000006,-79.54750000000008
18,14,23,43.67250000000004,-79.56750000000007
17,55,60,43.66750000000004,-79.36250000000025
28,64,18,43.72250000000007,-79.3175000000003
29,29,22,43.72750000000007,-79.49250000000013
21,25,17,43.68750000000005,-79.51250000000012
40,38,14,43.7825000000001,-79.44750000000018
10,15,23,43.63250000000002,-79.56250000000007
42,84,23,43.7925000000001,-79.21750000000038
21,61,32,43.68750000000005,-79.33250000000028
41,39,27,43.7875000000001,-79.44250000000018
20,65,14,43.68250000000005,-79.3125000000003
25,31,19,43.70750000000006,-79.48250000000014
31,74,29,43.737500000000075,-79.26750000000034
23,70,36,43.697500000000055,-79.28750000000032
43,48,27,43.797500000000106,-79.39750000000022
14,21,30,43.65250000000003,-79.5325000000001
32,75,34,43.74250000000008,-79.26250000000034
43,84,28,43.797500000000106,-79.21750000000038
17,32,23,43.66750000000004,-79.47750000000015
35,80,36,43.757500000000086,-79.23750000000037
36,45,41,43.76250000000009,-79.41250000000021
28,41,38,43.72250000000007,-79.43250000000019
6,22,20,43.61250000000001,-79.5275000000001
38,91,17,43.77250000000009,-79.18250000000042
17,68,25,43.66750000000004,-79.29750000000031
29,42,18,43.72750000000007,-79.4275000000002
21,38,19,43.68750000000005,-79.44750000000018
40,51,24,43.7825000000001,-79.38250000000023
27,81,18,43.717500000000065,-79.23250000000037
39,55,14,43.777500000000096,-79.36250000000025
10,28,26,43.63250000000002,-79.49750000000013
42,97,35,43.7925000000001,-79.15250000000044
39,91,20,43.777500000000096,-79.18250000000042
13,39,26,43.64750000000003,-79.44250000000018
24,48,38,43.70250000000006,-79.39750000000022
3,25,22,43.597500000000004,-79.51250000000012
16,44,16,43.66250000000004,-79.4175000000002
43,61,25,43.797500000000106,-79.33250000000028
35,57,17,43.757500000000086,-79.35250000000026
36,22,19,43.76250000000009,-79.5275000000001
46,72,22,43.812500000000114,-79.27750000000033
17,45,19,43.66750000000004,-79.41250000000021
36,58,19,43.76250000000009,-79.34750000000027
49,77,19,43.82750000000012,-79.25250000000035
21,15,28,43.68750000000005,-79.56250000000007
50,78,13,43.832500000000124,-79.24750000000036
42,74,21,43.7925000000001,-79.26750000000034
25,21,29,43.70750000000006,-79.5325000000001
20,55,24,43.68250000000005,-79.36250000000025
39,68,38,43.777500000000096,-79.29750000000031
12,51,65,43.64250000000003,-79.38250000000023
32,29,37,43.74250000000008,-79.49250000000013
23,60,32,43.697500000000055,-79.33750000000028
35,34,27,43.757500000000086,-79.46750000000016
14,11,18,43.65250000000003,-79.58250000000005
13,52,39,43.64750000000003,-79.37750000000024
32,65,17,43.74250000000008,-79.3125000000003
45,84,27,43.80750000000011,-79.21750000000038
24,61,20,43.70250000000006,-79.33250000000028
16,57,32,43.66250000000004,-79.35250000000026
17,22,28,43.66750000000004,-79.5275000000001
35,70,30,43.757500000000086,-79.28750000000032
36,35,24,43.76250000000009,-79.46250000000016
28,31,23,43.72250000000007,-79.48250000000014
46,85,18,43.812500000000114,-79.21250000000039
38,81,23,43.77250000000009,-79.23250000000037
42,51,33,43.7925000000001,-79.38250000000023
21,28,29,43.68750000000005,-79.49750000000013
27,71,21,43.717500000000065,-79.28250000000033
33,2,34,43.74750000000008,-79.62750000000001
19,67,24,43.677500000000045,-79.30250000000031
39,45,46,43.777500000000096,-79.41250000000021
30,76,36,43.73250000000007,-79.25750000000035
31,41,14,43.737500000000075,-79.43250000000019
10,18,18,43.63250000000002,-79.54750000000008
42,87,19,43.7925000000001,-79.2025000000004
41,91,27,43.7875000000001,-79.18250000000042
20,68,18,43.68250000000005,-79.29750000000031
13,29,32,43.64750000000003,-79.49250000000013
31,77,21,43.737500000000075,-79.25250000000035
32,42,49,43.74250000000008,-79.4275000000002
23,73,16,43.697500000000055,-79.27250000000033
24,38,21,43.70250000000006,-79.44750000000018
43,51,19,43.797500000000106,-79.38250000000023
16,34,30,43.66250000000004,-79.46750000000016
35,47,35,43.757500000000086,-79.40250000000022
36,12,21,43.76250000000009,-79.57750000000006
28,8,21,43.72250000000007,-79.59750000000004
34,88,19,43.75250000000008,-79.1975000000004
46,62,20,43.812500000000114,-79.32750000000028
37,93,37,43.76750000000009,-79.17250000000043
38,58,20,43.77250000000009,-79.34750000000027
17,35,28,43.66750000000004,-79.46250000000016
49,67,34,43.82750000000012,-79.30250000000031
28,44,21,43.72250000000007,-79.4175000000002
29,9,23,43.72750000000007,-79.59250000000004
27,48,47,43.717500000000065,-79.39750000000022
6,25,19,43.61250000000001,-79.51250000000012
38,94,17,43.77250000000009,-79.16750000000043
42,64,20,43.7925000000001,-79.3175000000003
20,45,33,43.68250000000005,-79.41250000000021
39,58,32,43.777500000000096,-79.34750000000027
12,41,35,43.64250000000003,-79.43250000000019
31,54,15,43.737500000000075,-79.36750000000025
32,19,16,43.74250000000008,-79.54250000000009
23,50,40,43.697500000000055,-79.38750000000023
24,15,22,43.70250000000006,-79.56250000000007
16,11,17,43.66250000000004,-79.58250000000005
35,24,20,43.757500000000086,-79.51750000000011
34,65,12,43.75250000000008,-79.3125000000003
13,42,23,43.64750000000003,-79.4275000000002
45,74,25,43.80750000000011,-79.26750000000034
24,51,28,43.70250000000006,-79.38250000000023
37,70,26,43.76750000000009,-79.28750000000032
16,47,40,43.66250000000004,-79.40250000000022
17,12,14,43.66750000000004,-79.57750000000006
28,21,33,43.72250000000007,-79.5325000000001
26,60,28,43.71250000000006,-79.33750000000028
46,75,13,43.812500000000114,-79.26250000000034
38,71,32,43.77250000000009,-79.28250000000033
27,61,17,43.717500000000065,-79.33250000000028
19,57,36,43.677500000000045,-79.35250000000026
20,22,13,43.68250000000005,-79.5275000000001
12,18,17,43.64250000000003,-79.54750000000008
30,66,18,43.73250000000007,-79.3075000000003
31,31,35,43.737500000000075,-79.48250000000014
23,27,17,43.697500000000055,-79.50250000000013
41,81,32,43.7875000000001,-79.23250000000037
20,58,20,43.68250000000005,-79.34750000000027
33,77,19,43.74750000000008,-79.25250000000035
12,54,93,43.64250000000003,-79.36750000000025
13,19,25,43.64750000000003,-79.54250000000009
44,86,26,43.80250000000011,-79.2075000000004
23,63,18,43.697500000000055,-79.32250000000029
24,28,18,43.70250000000006,-79.49750000000013
16,24,33,43.66250000000004,-79.51750000000011
35,37,19,43.757500000000086,-79.45250000000017
22,67,19,43.69250000000005,-79.30250000000031
34,78,37,43.75250000000008,-79.24750000000036
45,87,36,43.80750000000011,-79.2025000000004
37,83,18,43.76750000000009,-79.22250000000038
38,48,41,43.77250000000009,-79.39750000000022
8,25,27,43.62250000000002,-79.51250000000012
26,73,17,43.71250000000006,-79.27250000000033
27,38,29,43.717500000000065,-79.44750000000018
18,69,13,43.67250000000004,-79.29250000000032
19,34,28,43.677500000000045,-79.46750000000016
30,43,15,43.73250000000007,-79.4225000000002
31,8,27,43.737500000000075,-79.59750000000004
42,54,15,43.7925000000001,-79.36750000000025
40,93,22,43.7825000000001,-79.17250000000043
19,70,31,43.677500000000045,-79.28750000000032
20,35,30,43.68250000000005,-79.46250000000016
12,31,37,43.64250000000003,-79.48250000000014
31,44,27,43.737500000000075,-79.4175000000002
32,9,20,43.74250000000008,-79.59250000000004
4,27,20,43.602500000000006,-79.50250000000013
23,40,25,43.697500000000055,-79.43750000000018
35,14,32,43.757500000000086,-79.56750000000007
41,94,29,43.7875000000001,-79.16750000000043
34,55,14,43.75250000000008,-79.36250000000025
44,99,15,43.80250000000011,-79.14250000000045
45,64,25,43.80750000000011,-79.3175000000003
28,11,25,43.72250000000007,-79.58250000000005
15,41,34,43.657500000000034,-79.43250000000019
26,50,27,43.71250000000006,-79.38750000000023
27,15,25,43.717500000000065,-79.56250000000007
46,65,18,43.812500000000114,-79.3125000000003
18,46,36,43.67250000000004,-79.40750000000021
38,61,16,43.77250000000009,-79.33250000000028
30,20,23,43.73250000000007,-79.5375000000001
49,70,31,43.82750000000012,-79.28750000000032
48,74,16,43.82250000000012,-79.26750000000034
19,47,29,43.677500000000045,-79.40250000000022
39,25,12,43.777500000000096,-79.51250000000012
11,43,25,43.637500000000024,-79.4225000000002
30,56,38,43.73250000000007,-79.35750000000026
23,17,19,43.697500000000055,-79.55250000000008
41,71,26,43.7875000000001,-79.28250000000033
25,63,29,43.70750000000006,-79.32250000000029
44,76,18,43.80250000000011,-79.25750000000035
24,18,21,43.70250000000006,-79.54750000000008
37,37,23,43.76750000000009,-79.45250000000017
16,14,28,43.66250000000004,-79.56750000000007
22,57,23,43.69250000000005,-79.35250000000026
14,53,60,43.65250000000003,-79.37250000000024
34,68,36,43.75250000000008,-79.29750000000031
26,27,37,43.71250000000006,-79.50250000000013
37,73,28,43.76750000000009,-79.27250000000033
38,38,32,43.77250000000009,-79.44750000000018
15,54,65,43.657500000000034,-79.36750000000025
47,86,31,43.817500000000116,-79.2075000000004
26,63,20,43.71250000000006,-79.32250000000029
27,28,29,43.717500000000065,-79.49750000000013
18,59,18,43.67250000000004,-79.34250000000027
19,24,31,43.677500000000045,-79.51750000000011
11,20,23,43.637500000000024,-79.5375000000001
29,74,15,43.72750000000007,-79.26750000000034
48,87,15,43.82250000000012,-79.2025000000004
21,70,13,43.68750000000005,-79.28750000000032
40,83,34,43.7825000000001,-79.22250000000038
41,48,16,43.7875000000001,-79.39750000000022
20,25,30,43.68250000000005,-79.51250000000012
12,21,27,43.64250000000003,-79.5325000000001
4,17,32,43.602500000000006,-79.55250000000008
22,34,30,43.69250000000005,-79.46750000000016
41,84,17,43.7875000000001,-79.21750000000038
33,80,16,43.74750000000008,-79.23750000000037
25,76,28,43.70750000000006,-79.25750000000035
44,89,26,43.80250000000011,-79.19250000000041
45,54,20,43.80750000000011,-79.36750000000025
37,50,35,43.76750000000009,-79.38750000000023
43,93,35,43.797500000000106,-79.17250000000043
22,70,17,43.69250000000005,-79.28750000000032
15,31,18,43.657500000000034,-79.48250000000014
7,27,16,43.617500000000014,-79.50250000000013
26,40,26,43.71250000000006,-79.43750000000018
18,36,19,43.67250000000004,-79.45750000000017
30,10,18,43.73250000000007,-79.58750000000005
36,90,29,43.76250000000009,-79.18750000000041
8,28,36,43.62250000000002,-79.49750000000013
40,60,25,43.7825000000001,-79.33750000000028
19,37,24,43.677500000000045,-79.45250000000017
11,33,17,43.637500000000024,-79.47250000000015
31,11,15,43.737500000000075,-79.58250000000005
23,7,16,43.697500000000055,-79.60250000000003
40,96,22,43.7825000000001,-79.15750000000044
41,61,17,43.7875000000001,-79.33250000000028
25,53,30,43.70750000000006,-79.37250000000024
39,100,27,43.777500000000096,-79.13750000000046
44,66,36,43.80250000000011,-79.3075000000003
37,27,30,43.76750000000009,-79.50250000000013
22,47,36,43.69250000000005,-79.40250000000022
14,43,15,43.65250000000003,-79.4225000000002
26,17,23,43.71250000000006,-79.55250000000008
18,13,24,43.67250000000004,-79.57250000000006
38,28,39,43.77250000000009,-79.49750000000013
36,67,24,43.76250000000009,-79.30250000000031
15,44,17,43.657500000000034,-79.4175000000002
27,18,22,43.717500000000065,-79.54750000000008
18,49,27,43.67250000000004,-79.39250000000023
19,14,26,43.677500000000045,-79.56750000000007
30,23,19,43.73250000000007,-79.52250000000011
29,64,27,43.72750000000007,-79.3175000000003
21,60,26,43.68750000000005,-79.33750000000028
40,73,27,43.7825000000001,-79.27250000000033
41,38,29,43.7875000000001,-79.44750000000018
12,11,16,43.64250000000003,-79.58250000000005
25,30,19,43.70750000000006,-79.48750000000014
22,24,18,43.69250000000005,-79.51750000000011
14,20,26,43.65250000000003,-79.5375000000001
34,35,25,43.75250000000008,-79.46250000000016
25,66,33,43.70750000000006,-79.3075000000003
32,74,41,43.74250000000008,-79.26750000000034
37,40,33,43.76750000000009,-79.43750000000018
43,83,14,43.797500000000106,-79.22250000000038
35,79,30,43.757500000000086,-79.24250000000036
14,56,29,43.65250000000003,-79.35750000000026
15,21,25,43.657500000000034,-79.5325000000001
7,17,29,43.617500000000014,-79.55250000000008
26,30,20,43.71250000000006,-79.48750000000014
17,67,22,43.66750000000004,-79.30250000000031
36,80,30,43.76250000000009,-79.23750000000037
28,76,33,43.72250000000007,-79.25750000000035
29,41,26,43.72750000000007,-79.43250000000019
8,18,22,43.62250000000002,-79.54750000000008
21,37,15,43.68750000000005,-79.45250000000017
40,50,23,43.7825000000001,-79.38750000000023
11,23,20,43.637500000000024,-79.52250000000011
10,27,29,43.63250000000002,-79.50250000000013
42,96,31,43.7925000000001,-79.15750000000044
21,73,12,43.68750000000005,-79.27250000000033
41,51,24,43.7875000000001,-79.38250000000023
33,47,40,43.74750000000008,-79.40250000000022
34,12,17,43.75250000000008,-79.57750000000006
25,43,27,43.70750000000006,-79.4225000000002
39,90,21,43.777500000000096,-79.18750000000041
44,56,14,43.80250000000011,-79.35750000000026
31,86,40,43.737500000000075,-79.2075000000004
37,17,12,43.76750000000009,-79.55250000000008
3,24,35,43.597500000000004,-79.51750000000011
43,60,17,43.797500000000106,-79.33750000000028
22,37,26,43.69250000000005,-79.45250000000017
14,33,24,43.65250000000003,-79.47250000000015
32,87,26,43.74250000000008,-79.2025000000004
38,18,14,43.77250000000009,-79.54750000000008
43,96,26,43.797500000000106,-79.15750000000044
17,44,24,43.66750000000004,-79.4175000000002
35,92,23,43.757500000000086,-79.17750000000042
36,57,37,43.76250000000009,-79.35250000000026
7,30,26,43.617500000000014,-79.48750000000014
47,66,13,43.817500000000116,-79.3075000000003
27,8,26,43.717500000000065,-79.59750000000004
21,50,25,43.68750000000005,-79.38750000000023
40,63,26,43.7825000000001,-79.32250000000029
33,24,25,43.74750000000008,-79.51750000000011
25,20,22,43.70750000000006,-79.5375000000001
10,40,26,43.63250000000002,-79.43750000000018
22,14,36,43.69250000000005,-79.56750000000007
34,25,26,43.75250000000008,-79.51250000000012
13,51,63,43.64750000000003,-79.38250000000023
32,64,25,43.74250000000008,-79.3175000000003
43,73,22,43.797500000000106,-79.27250000000033
16,56,27,43.66250000000004,-79.35750000000026
35,69,29,43.757500000000086,-79.29250000000032
36,34,17,43.76250000000009,-79.46750000000016
15,11,27,43.657500000000034,-79.58250000000005
26,20,29,43.71250000000006,-79.5375000000001
18,16,28,43.67250000000004,-79.55750000000008
17,57,29,43.66750000000004,-79.35250000000026
36,70,21,43.76250000000009,-79.28750000000032
28,66,23,43.72250000000007,-79.3075000000003
29,31,19,43.72750000000007,-79.48250000000014
21,27,19,43.68750000000005,-79.50250000000013
40,40,22,43.7825000000001,-79.43750000000018
33,1,29,43.74750000000008,-79.63250000000001
10,17,16,43.63250000000002,-79.55250000000008
42,86,28,43.7925000000001,-79.2075000000004
33,37,22,43.74750000000008,-79.45250000000017
25,33,21,43.70750000000006,-79.47250000000015
20,67,28,43.68250000000005,-79.30250000000031
31,76,19,43.737500000000075,-79.25750000000035
32,41,31,43.74250000000008,-79.43250000000019
23,72,22,43.697500000000055,-79.27750000000033
43,50,29,43.797500000000106,-79.38750000000023
22,27,26,43.69250000000005,-79.50250000000013
35,46,43,43.757500000000086,-79.40750000000021
14,23,15,43.65250000000003,-79.52250000000011
32,77,31,43.74250000000008,-79.25250000000035
24,73,24,43.70250000000006,-79.27250000000033
17,34,32,43.66750000000004,-79.46750000000016
35,82,33,43.757500000000086,-79.22750000000038
36,47,49,43.76250000000009,-79.40250000000022
9,30,28,43.62750000000002,-79.48750000000014
28,43,20,43.72250000000007,-79.4225000000002
6,24,19,43.61250000000001,-79.51750000000011
38,93,15,43.77250000000009,-79.17250000000043
29,44,24,43.72750000000007,-79.4175000000002
42,63,20,43.7925000000001,-79.32250000000029
21,40,25,43.68750000000005,-79.43750000000018
33,14,32,43.74750000000008,-79.56750000000007
25,10,22,43.70750000000006,-79.58750000000005
39,57,20,43.777500000000096,-79.35250000000026
31,53,14,43.737500000000075,-79.37250000000024
10,30,14,43.63250000000002,-79.48750000000014
42,99,19,43.7925000000001,-79.14250000000045
13,41,19,43.64750000000003,-79.43250000000019
32,54,29,43.74250000000008,-79.36750000000025
24,50,29,43.70250000000006,-79.38750000000023
43,63,32,43.797500000000106,-79.32250000000029
16,46,24,43.66250000000004,-79.40750000000021
35,59,25,43.757500000000086,-79.34250000000027
36,24,16,43.76250000000009,-79.51750000000011
28,20,19,43.72250000000007,-79.5375000000001
46,74,16,43.812500000000114,-79.26750000000034
38,70,42,43.77250000000009,-79.28750000000032
17,47,19,43.66750000000004,-79.40250000000022
49,79,17,43.82750000000012,-79.24250000000036
29,21,28,43.72750000000007,-79.5325000000001
21,17,36,43.68750000000005,-79.55250000000008
40,30,23,43.7825000000001,-79.48750000000014
27,60,31,43.717500000000065,-79.33750000000028
30,65,27,43.73250000000007,-79.3125000000003
50,80,16,43.832500000000124,-79.23750000000037
42,76,34,43.7925000000001,-79.25750000000035
20,57,14,43.68250000000005,-79.35250000000026
39,70,32,43.777500000000096,-79.28750000000032
12,53,92,43.64250000000003,-79.37250000000024
31,66,21,43.737500000000075,-79.3075000000003
23,62,22,43.697500000000055,-79.32750000000028
24,27,21,43.70250000000006,-79.50250000000013
35,36,32,43.757500000000086,-79.45750000000017
34,77,23,43.75250000000008,-79.25250000000035
13,54,61,43.64750000000003,-79.36750000000025
45,86,37,43.80750000000011,-79.2075000000004
24,63,29,43.70250000000006,-79.32250000000029
37,82,23,43.76750000000009,-79.22750000000038
16,59,22,43.66250000000004,-79.34250000000027
17,24,25,43.66750000000004,-79.51750000000011
36,37,30,43.76250000000009,-79.45250000000017
28,33,20,43.72250000000007,-79.47250000000015
26,72,33,43.71250000000006,-79.27750000000033
46,87,30,43.812500000000114,-79.2025000000004
38,83,37,43.77250000000009,-79.22250000000038
49,92,21,43.82750000000012,-79.17750000000042
42,53,15,43.7925000000001,-79.37250000000024
21,30,19,43.68750000000005,-79.48750000000014
27,73,33,43.717500000000065,-79.27250000000033
33,4,21,43.74750000000008,-79.61750000000002
19,69,25,43.677500000000045,-79.29250000000032
20,34,34,43.68250000000005,-79.46750000000016
39,47,32,43.777500000000096,-79.40250000000022
30,78,39,43.73250000000007,-79.24750000000036
31,43,15,43.737500000000075,-79.4225000000002
32,8,24,43.74250000000008,-79.59750000000004
23,39,24,43.697500000000055,-79.44250000000018
41,93,20,43.7875000000001,-79.17250000000043
20,70,23,43.68250000000005,-79.28750000000032
13,31,21,43.64750000000003,-79.48250000000014
44,98,18,43.80250000000011,-79.14750000000045
32,44,36,43.74250000000008,-79.4175000000002
23,75,22,43.697500000000055,-79.26250000000034
24,40,27,43.70250000000006,-79.43750000000018
43,53,19,43.797500000000106,-79.37250000000024
16,36,32,43.66250000000004,-79.45750000000017
35,49,39,43.757500000000086,-79.39250000000023
36,14,29,43.76250000000009,-79.56750000000007
28,10,21,43.72250000000007,-79.58750000000005
34,90,31,43.75250000000008,-79.18750000000041
5,26,27,43.60750000000001,-79.50750000000012
46,64,30,43.812500000000114,-79.3175000000003
37,95,32,43.76750000000009,-79.16250000000043
38,60,25,43.77250000000009,-79.33750000000028
17,37,26,43.66750000000004,-79.45250000000017
49,69,20,43.82750000000012,-79.29250000000032
29,11,29,43.72750000000007,-79.58250000000005
21,7,28,43.68750000000005,-79.60250000000003
27,50,43,43.717500000000065,-79.38750000000023
19,46,21,43.677500000000045,-79.40750000000021
39,24,22,43.777500000000096,-79.51750000000011
42,66,27,43.7925000000001,-79.3075000000003
20,47,40,43.68250000000005,-79.40250000000022
39,60,33,43.777500000000096,-79.33750000000028
12,43,40,43.64250000000003,-79.4225000000002
31,56,18,43.737500000000075,-79.35750000000026
32,21,23,43.74250000000008,-79.5325000000001
23,52,19,43.697500000000055,-79.37750000000024
24,17,19,43.70250000000006,-79.55250000000008
16,13,21,43.66250000000004,-79.57250000000006
35,26,29,43.757500000000086,-79.50750000000012
34,67,22,43.75250000000008,-79.30250000000031
13,44,16,43.64750000000003,-79.4175000000002
45,76,15,43.80750000000011,-79.25750000000035
37,72,26,43.76750000000009,-79.27750000000033
16,49,56,43.66250000000004,-79.39250000000023
28,23,25,43.72250000000007,-79.52250000000011
15,53,65,43.657500000000034,-79.37250000000024
26,62,22,43.71250000000006,-79.32750000000028
46,77,25,43.812500000000114,-79.25250000000035
18,58,23,43.67250000000004,-79.34750000000027
38,73,33,43.77250000000009,-79.27250000000033
49,82,27,43.82750000000012,-79.22750000000038
42,43,21,43.7925000000001,-79.4225000000002
48,86,15,43.82250000000012,-79.2075000000004
19,59,25,43.677500000000045,-79.34250000000027
20,24,34,43.68250000000005,-79.51750000000011
39,37,23,43.777500000000096,-79.45250000000017
12,20,22,43.64250000000003,-79.5375000000001
30,68,24,43.73250000000007,-79.29750000000031
23,29,27,43.697500000000055,-79.49250000000013
41,83,31,43.7875000000001,-79.22250000000038
33,79,25,43.74750000000008,-79.24250000000036
13,21,27,43.64750000000003,-79.5325000000001
25,75,20,43.70750000000006,-79.26250000000034
44,88,28,43.80250000000011,-79.1975000000004
45,53,20,43.80750000000011,-79.37250000000024
24,30,19,43.70250000000006,-79.48750000000014
16,26,34,43.66250000000004,-79.50750000000012
22,69,20,43.69250000000005,-79.29250000000032
34,80,32,43.75250000000008,-79.23750000000037
5,16,21,43.60750000000001,-79.55750000000008
37,85,23,43.76750000000009,-79.21250000000039
38,50,25,43.77250000000009,-79.38750000000023
8,27,15,43.62250000000002,-79.50250000000013
26,75,28,43.71250000000006,-79.26250000000034
27,40,27,43.717500000000065,-79.43750000000018
18,71,23,43.67250000000004,-79.28250000000033
19,36,20,43.677500000000045,-79.45750000000017
11,32,18,43.637500000000024,-79.47750000000015
30,45,19,43.73250000000007,-79.41250000000021
31,10,26,43.737500000000075,-79.58750000000005
42,56,16,43.7925000000001,-79.35750000000026
40,95,20,43.7825000000001,-79.16250000000043
41,60,30,43.7875000000001,-79.33750000000028
20,37,14,43.68250000000005,-79.45250000000017
12,33,26,43.64250000000003,-79.47250000000015
32,11,32,43.74250000000008,-79.58250000000005
44,65,26,43.80250000000011,-79.3125000000003
23,42,15,43.697500000000055,-79.4275000000002
4,29,22,43.602500000000006,-79.49250000000013
35,16,25,43.757500000000086,-79.55750000000008
41,96,31,43.7875000000001,-79.15750000000044
34,57,19,43.75250000000008,-79.35250000000026
45,66,33,43.80750000000011,-79.3075000000003
37,62,16,43.76750000000009,-79.32750000000028
38,27,31,43.77250000000009,-79.50250000000013
15,43,32,43.657500000000034,-79.4225000000002
26,52,24,43.71250000000006,-79.37750000000024
27,17,30,43.717500000000065,-79.55250000000008
18,48,36,43.67250000000004,-79.39750000000022
19,13,28,43.677500000000045,-79.57250000000006
38,63,19,43.77250000000009,-79.32250000000029
48,76,33,43.82250000000012,-79.25750000000035
27,53,26,43.717500000000065,-79.37250000000024
40,72,30,43.7825000000001,-79.27750000000033
19,49,47,43.677500000000045,-79.39250000000023
20,14,25,43.68250000000005,-79.56750000000007
39,27,18,43.777500000000096,-79.50250000000013
11,45,26,43.637500000000024,-79.41250000000021
30,58,28,43.73250000000007,-79.34750000000027
12,10,22,43.64250000000003,-79.58750000000005
31,23,20,43.737500000000075,-79.52250000000011
23,19,24,43.697500000000055,-79.54250000000009
41,73,19,43.7875000000001,-79.27250000000033
33,69,39,43.74750000000008,-79.29250000000032
34,34,26,43.75250000000008,-79.46750000000016
25,65,13,43.70750000000006,-79.3125000000003
13,11,25,43.64750000000003,-79.58250000000005
37,39,28,43.76750000000009,-79.44250000000018
22,59,16,43.69250000000005,-79.34250000000027
14,55,57,43.65250000000003,-79.36250000000025
15,20,16,43.657500000000034,-79.5375000000001
34,70,31,43.75250000000008,-79.28750000000032
26,29,17,43.71250000000006,-79.49250000000013
18,25,34,43.67250000000004,-79.51250000000012
37,75,36,43.76750000000009,-79.26250000000034
38,40,44,43.77250000000009,-79.43750000000018
36,79,19,43.76250000000009,-79.24250000000036
15,56,21,43.657500000000034,-79.35750000000026
47,88,16,43.817500000000116,-79.1975000000004
8,17,28,43.62250000000002,-79.55250000000008
26,65,21,43.71250000000006,-79.3125000000003
27,30,33,43.717500000000065,-79.48750000000014
18,61,31,43.67250000000004,-79.33250000000028
19,26,14,43.677500000000045,-79.50750000000012
11,22,12,43.637500000000024,-79.5275000000001
30,35,34,43.73250000000007,-79.46250000000016
29,76,25,43.72750000000007,-79.25750000000035
21,72,29,43.68750000000005,-79.27750000000033
41,50,16,43.7875000000001,-79.38750000000023
33,46,29,43.74750000000008,-79.40750000000021
12,23,23,43.64250000000003,-79.52250000000011
44,55,27,43.80250000000011,-79.36250000000025
4,19,14,43.602500000000006,-79.54250000000009
35,6,27,43.757500000000086,-79.60750000000003
22,36,37,43.69250000000005,-79.45750000000017
33,82,23,43.74750000000008,-79.22750000000038
34,47,54,43.75250000000008,-79.40250000000022
25,78,36,43.70750000000006,-79.24750000000036
45,56,15,43.80750000000011,-79.35750000000026
37,52,25,43.76750000000009,-79.37750000000024
32,86,21,43.74250000000008,-79.2075000000004
43,95,37,43.797500000000106,-79.16250000000043
22,72,16,43.69250000000005,-79.27750000000033
35,91,27,43.757500000000086,-79.18250000000042
15,33,13,43.657500000000034,-79.47250000000015
7,29,38,43.617500000000014,-79.49250000000013
26,42,12,43.71250000000006,-79.4275000000002
27,7,34,43.717500000000065,-79.60250000000003
18,38,29,43.67250000000004,-79.44750000000018
30,12,29,43.73250000000007,-79.57750000000006
36,92,17,43.76250000000009,-79.17750000000042
48,66,23,43.82250000000012,-79.3075000000003
8,30,23,43.62250000000002,-79.48750000000014
40,62,26,43.7825000000001,-79.32750000000028
31,13,17,43.737500000000075,-79.57250000000006
23,9,16,43.697500000000055,-79.59250000000004
41,63,22,43.7875000000001,-79.32250000000029
34,24,25,43.75250000000008,-79.51750000000011
25,55,28,43.70750000000006,-79.36250000000025
44,68,15,43.80250000000011,-79.29750000000031
37,29,16,43.76750000000009,-79.49250000000013
22,49,38,43.69250000000005,-79.39250000000023
14,45,15,43.65250000000003,-79.41250000000021
15,10,33,43.657500000000034,-79.58750000000005
26,19,17,43.71250000000006,-79.54250000000009
18,15,25,43.67250000000004,-79.56250000000007
38,30,29,43.77250000000009,-79.48750000000014
36,69,30,43.76250000000009,-79.29250000000032
28,65,18,43.72250000000007,-79.3125000000003
27,20,24,43.717500000000065,-79.5375000000001
40,39,27,43.7825000000001,-79.44250000000018
19,16,14,43.677500000000045,-79.55750000000008
11,12,26,43.637500000000024,-79.57750000000006
30,25,13,43.73250000000007,-79.51250000000012
21,62,22,43.68750000000005,-79.32750000000028
40,75,32,43.7825000000001,-79.26250000000034
41,40,23,43.7875000000001,-79.43750000000018
33,36,28,43.74750000000008,-79.45750000000017
25,32,23,43.70750000000006,-79.47750000000015
22,26,22,43.69250000000005,-79.50750000000012
14,22,29,43.65250000000003,-79.5275000000001
34,37,30,43.75250000000008,-79.45250000000017
32,76,27,43.74250000000008,-79.25750000000035
37,42,35,43.76750000000009,-79.4275000000002
24,72,43,43.70250000000006,-79.27750000000033
43,85,26,43.797500000000106,-79.21250000000039
35,81,33,43.757500000000086,-79.23250000000037
36,46,32,43.76250000000009,-79.40750000000021
15,23,30,43.657500000000034,-79.52250000000011
7,19,13,43.617500000000014,-79.54250000000009
26,32,17,43.71250000000006,-79.47750000000015
17,69,17,43.66750000000004,-79.29250000000032
36,82,41,43.76250000000009,-79.22750000000038
28,78,39,43.72250000000007,-79.24750000000036
29,43,23,43.72750000000007,-79.4225000000002
21,39,22,43.68750000000005,-79.44250000000018
40,52,36,43.7825000000001,-79.37750000000024
10,29,30,43.63250000000002,-79.49250000000013
42,98,32,43.7925000000001,-79.14750000000045
33,49,44,43.74750000000008,-79.39250000000023
34,14,24,43.75250000000008,-79.56750000000007
25,45,50,43.70750000000006,-79.41250000000021
39,92,35,43.777500000000096,-79.17750000000042
32,53,26,43.74250000000008,-79.37250000000024
37,19,17,43.76750000000009,-79.54250000000009
43,62,25,43.797500000000106,-79.32750000000028
3,26,27,43.597500000000004,-79.50750000000012
22,39,18,43.69250000000005,-79.44250000000018
14,35,33,43.65250000000003,-79.46250000000016
26,9,17,43.71250000000006,-79.59250000000004
43,98,29,43.797500000000106,-79.14750000000045
17,46,15,43.66750000000004,-79.40750000000021
36,59,31,43.76250000000009,-79.34250000000027
29,20,21,43.72750000000007,-79.5375000000001
47,68,18,43.817500000000116,-79.29750000000031
40,29,30,43.7825000000001,-79.49250000000013
21,52,22,43.68750000000005,-79.37750000000024
33,26,28,43.74750000000008,-79.50750000000012
25,22,22,43.70750000000006,-79.5275000000001
39,69,37,43.777500000000096,-79.29250000000032
10,42,22,43.63250000000002,-79.4275000000002
22,16,28,43.69250000000005,-79.55750000000008
14,12,15,43.65250000000003,-79.57750000000006
13,53,53,43.64750000000003,-79.37250000000024
32,66,18,43.74250000000008,-79.3075000000003
24,62,28,43.70250000000006,-79.32750000000028
43,75,21,43.797500000000106,-79.26250000000034
16,58,30,43.66250000000004,-79.34750000000027
35,71,22,43.757500000000086,-79.28250000000033
36,36,29,43.76250000000009,-79.45750000000017
15,13,16,43.657500000000034,-79.57250000000006
28,32,33,43.72250000000007,-79.47750000000015
18,18,21,43.67250000000004,-79.54750000000008
46,86,19,43.812500000000114,-79.2075000000004
17,59,14,43.66750000000004,-79.34250000000027
28,68,34,43.72250000000007,-79.29750000000031
29,33,32,43.72750000000007,-79.47250000000015
21,29,20,43.68750000000005,-79.49250000000013
40,42,27,43.7825000000001,-79.4275000000002
33,3,14,43.74750000000008,-79.62250000000002
10,19,20,43.63250000000002,-79.54250000000009
42,88,25,43.7925000000001,-79.1975000000004
34,4,28,43.75250000000008,-79.61750000000002
20,69,34,43.68250000000005,-79.29250000000032
25,35,13,43.70750000000006,-79.46250000000016
39,82,32,43.777500000000096,-79.22750000000038
31,78,31,43.737500000000075,-79.24750000000036
32,43,52,43.74250000000008,-79.4225000000002
24,39,18,43.70250000000006,-79.44250000000018
43,52,17,43.797500000000106,-79.37750000000024
35,48,21,43.757500000000086,-79.39750000000022
14,25,20,43.65250000000003,-79.51250000000012
24,75,44,43.70250000000006,-79.26250000000034
17,36,17,43.66750000000004,-79.45750000000017
36,49,30,43.76250000000009,-79.39250000000023
9,32,28,43.62750000000002,-79.47750000000015
28,45,24,43.72250000000007,-79.41250000000021
29,10,31,43.72750000000007,-79.58750000000005
38,95,24,43.77250000000009,-79.16250000000043
42,65,24,43.7925000000001,-79.3125000000003
21,42,23,43.68750000000005,-79.4275000000002
33,16,24,43.74750000000008,-79.55750000000008
25,12,21,43.70750000000006,-79.57750000000006
20,46,21,43.68250000000005,-79.40750000000021
39,59,26,43.777500000000096,-79.34250000000027
10,32,17,43.63250000000002,-79.47750000000015
42,101,24,43.7925000000001,-79.13250000000046
13,43,25,43.64750000000003,-79.4225000000002
32,56,28,43.74250000000008,-79.35750000000026
24,52,27,43.70250000000006,-79.37750000000024
43,65,25,43.797500000000106,-79.3125000000003
16,48,52,43.66250000000004,-79.39750000000022
17,13,33,43.66750000000004,-79.57250000000006
35,61,27,43.757500000000086,-79.33250000000028
36,26,17,43.76250000000009,-79.50750000000012
28,22,20,43.72250000000007,-79.5275000000001
46,76,27,43.812500000000114,-79.25750000000035
38,72,31,43.77250000000009,-79.27750000000033
17,49,58,43.66750000000004,-79.39250000000023
49,81,20,43.82750000000012,-79.23250000000037
29,23,34,43.72750000000007,-79.52250000000011
21,19,18,43.68750000000005,-79.54250000000009
40,32,15,43.7825000000001,-79.47750000000015
27,62,26,43.717500000000065,-79.32750000000028
19,58,18,43.677500000000045,-79.34750000000027
30,67,35,43.73250000000007,-79.30250000000031
50,82,24,43.832500000000124,-79.22750000000038
42,78,20,43.7925000000001,-79.24750000000036
20,59,31,43.68250000000005,-79.34250000000027
39,72,23,43.777500000000096,-79.27750000000033
12,55,66,43.64250000000003,-79.36250000000025
13,20,36,43.64750000000003,-79.5375000000001
31,68,39,43.737500000000075,-79.29750000000031
23,64,15,43.697500000000055,-79.3175000000003
24,29,16,43.70250000000006,-79.49250000000013
43,42,23,43.797500000000106,-79.4275000000002
16,25,16,43.66250000000004,-79.51250000000012
35,38,21,43.757500000000086,-79.44750000000018
34,79,22,43.75250000000008,-79.24250000000036
13,56,17,43.64750000000003,-79.35750000000026
53,92,26,43.84750000000013,-79.17750000000042
45,88,17,43.80750000000011,-79.1975000000004
5,15,39,43.60750000000001,-79.56250000000007
37,84,18,43.76750000000009,-79.21750000000038
16,61,23,43.66250000000004,-79.33250000000028
9,22,31,43.62750000000002,-79.5275000000001
28,35,26,43.72250000000007,-79.46250000000016
26,74,36,43.71250000000006,-79.26750000000034
6,16,12,43.61250000000001,-79.55750000000008
18,70,18,43.67250000000004,-79.28750000000032
38,85,36,43.77250000000009,-79.21250000000039
49,94,35,43.82750000000012,-79.16750000000043
42,55,15,43.7925000000001,-79.36250000000025
27,75,42,43.717500000000065,-79.26250000000034
20,36,16,43.68250000000005,-79.45750000000017
39,49,23,43.777500000000096,-79.39250000000023
12,32,29,43.64250000000003,-79.47750000000015
30,80,33,43.73250000000007,-79.23750000000037
31,45,15,43.737500000000075,-79.41250000000021
32,10,27,43.74250000000008,-79.58750000000005
23,41,17,43.697500000000055,-79.43250000000019
2,18,16,43.5925,-79.54750000000008
35,15,30,43.757500000000086,-79.56250000000007
41,95,25,43.7875000000001,-79.16250000000043
13,33,20,43.64750000000003,-79.47250000000015
32,46,52,43.74250000000008,-79.40750000000021
45,65,21,43.80750000000011,-79.3125000000003
44,100,26,43.80250000000011,-79.13750000000046
24,42,36,43.70250000000006,-79.4275000000002
16,38,27,43.66250000000004,-79.44750000000018
35,51,57,43.757500000000086,-79.38250000000023
36,16,18,43.76250000000009,-79.55750000000008
28,12,24,43.72250000000007,-79.57750000000006
46,66,18,43.812500000000114,-79.3075000000003
5,28,22,43.60750000000001,-79.49750000000013
38,62,16,43.77250000000009,-79.32750000000028
49,71,15,43.82750000000012,-79.28250000000033
27,52,17,43.717500000000065,-79.37750000000024
19,48,36,43.677500000000045,-79.39750000000022
39,26,33,43.777500000000096,-79.50750000000012
11,44,34,43.637500000000024,-79.4175000000002
30,57,24,43.73250000000007,-79.35250000000026
31,22,19,43.737500000000075,-79.5275000000001
42,68,31,43.7925000000001,-79.29750000000031
41,72,22,43.7875000000001,-79.27750000000033
20,49,32,43.68250000000005,-79.39250000000023
12,45,19,43.64250000000003,-79.41250000000021
13,10,35,43.64750000000003,-79.58750000000005
31,58,17,43.737500000000075,-79.34750000000027
32,23,40,43.74250000000008,-79.52250000000011
23,54,15,43.697500000000055,-79.36750000000025
16,15,24,43.66250000000004,-79.56250000000007
35,28,20,43.757500000000086,-79.49750000000013
34,69,21,43.75250000000008,-79.29250000000032
37,74,19,43.76750000000009,-79.26750000000034
38,39,32,43.77250000000009,-79.44250000000018
17,16,33,43.66750000000004,-79.55750000000008
9,12,23,43.62750000000002,-79.57750000000006
15,55,85,43.657500000000034,-79.36250000000025
18,60,35,43.67250000000004,-79.33750000000028
38,75,31,43.77250000000009,-79.26250000000034
30,34,15,43.73250000000007,-79.46750000000016
42,45,35,43.7925000000001,-79.41250000000021
27,65,23,43.717500000000065,-79.3125000000003
19,61,12,43.677500000000045,-79.33250000000028
39,39,25,43.777500000000096,-79.44250000000018
12,22,28,43.64250000000003,-79.5275000000001
30,70,28,43.73250000000007,-79.28750000000032
31,35,34,43.737500000000075,-79.46250000000016
4,18,23,43.602500000000006,-79.54750000000008
23,31,16,43.697500000000055,-79.48250000000014
35,5,18,43.757500000000086,-79.61250000000003
41,85,29,43.7875000000001,-79.21250000000039
33,81,31,43.74750000000008,-79.23250000000037
34,46,44,43.75250000000008,-79.40750000000021
25,77,44,43.70750000000006,-79.25250000000035
13,23,19,43.64750000000003,-79.52250000000011
44,90,19,43.80250000000011,-79.18750000000041
45,55,26,43.80750000000011,-79.36250000000025
37,51,27,43.76750000000009,-79.38250000000023
16,28,20,43.66250000000004,-79.49750000000013
22,71,25,43.69250000000005,-79.28250000000033
34,82,21,43.75250000000008,-79.22750000000038
26,41,19,43.71250000000006,-79.43250000000019
5,18,26,43.60750000000001,-79.54750000000008
46,56,37,43.812500000000114,-79.35750000000026
38,52,17,43.77250000000009,-79.37750000000024
36,91,36,43.76250000000009,-79.18250000000042
8,29,30,43.62250000000002,-79.49250000000013
26,77,24,43.71250000000006,-79.25250000000035
27,42,33,43.717500000000065,-79.4275000000002
19,38,30,43.677500000000045,-79.44750000000018
11,34,29,43.637500000000024,-79.46750000000016
30,47,26,43.73250000000007,-79.40250000000022
31,12,27,43.737500000000075,-79.57750000000006
40,97,22,43.7825000000001,-79.15250000000044
41,62,19,43.7875000000001,-79.32750000000028
33,58,37,43.74750000000008,-79.34750000000027
44,67,34,43.80250000000011,-79.30250000000031
23,44,41,43.697500000000055,-79.4175000000002
35,18,27,43.757500000000086,-79.54750000000008
22,48,30,43.69250000000005,-79.39750000000022
34,59,35,43.75250000000008,-79.34250000000027
45,68,29,43.80750000000011,-79.29750000000031
37,64,32,43.76750000000009,-79.3175000000003
38,29,17,43.77250000000009,-79.49250000000013
15,45,22,43.657500000000034,-79.41250000000021
26,54,27,43.71250000000006,-79.36750000000025
27,19,29,43.717500000000065,-79.54250000000009
18,50,24,43.67250000000004,-79.38750000000023
19,15,20,43.677500000000045,-79.56250000000007
11,11,29,43.637500000000024,-79.58250000000005
29,65,15,43.72750000000007,-79.3125000000003
48,78,24,43.82250000000012,-79.24750000000036
40,74,36,43.7825000000001,-79.26750000000034
19,51,41,43.677500000000045,-79.38250000000023
20,16,20,43.68250000000005,-79.55750000000008
11,47,23,43.637500000000024,-79.40250000000022
12,12,20,43.64250000000003,-79.57750000000006
31,25,33,43.737500000000075,-79.51250000000012
23,21,27,43.697500000000055,-79.5325000000001
41,75,27,43.7875000000001,-79.26250000000034
33,71,26,43.74750000000008,-79.28250000000033
34,36,26,43.75250000000008,-79.45750000000017
52,84,26,43.84250000000013,-79.21750000000038
25,67,22,43.70750000000006,-79.30250000000031
44,80,26,43.80250000000011,-79.23750000000037
37,41,40,43.76750000000009,-79.43250000000019
22,61,32,43.69250000000005,-79.33250000000028
14,57,26,43.65250000000003,-79.35250000000026
15,22,36,43.657500000000034,-79.5275000000001
7,18,20,43.617500000000014,-79.54750000000008
26,31,21,43.71250000000006,-79.48250000000014
18,27,30,43.67250000000004,-79.50250000000013
38,42,40,43.77250000000009,-79.4275000000002
36,81,27,43.76250000000009,-79.23250000000037
15,58,13,43.657500000000034,-79.34750000000027
28,77,18,43.72250000000007,-79.25250000000035
8,19,18,43.62250000000002,-79.54250000000009
27,32,36,43.717500000000065,-79.47750000000015
18,63,14,43.67250000000004,-79.32250000000029
19,28,30,43.677500000000045,-79.49750000000013
11,24,28,43.637500000000024,-79.51750000000011
30,37,24,43.73250000000007,-79.45250000000017
21,74,30,43.68750000000005,-79.26750000000034
40,87,18,43.7825000000001,-79.2025000000004
41,52,24,43.7875000000001,-79.37750000000024
33,48,41,43.74750000000008,-79.39750000000022
34,13,15,43.75250000000008,-79.57250000000006
25,44,45,43.70750000000006,-79.4175000000002
4,21,30,43.602500000000006,-79.5325000000001
44,57,20,43.80250000000011,-79.35250000000026
37,18,22,43.76750000000009,-79.54750000000008
22,38,25,43.69250000000005,-79.44750000000018
14,34,21,43.65250000000003,-79.46750000000016
34,49,45,43.75250000000008,-79.39250000000023
25,80,36,43.70750000000006,-79.23750000000037
37,54,15,43.76750000000009,-79.36750000000025
38,19,23,43.77250000000009,-79.54250000000009
32,88,21,43.74250000000008,-79.1975000000004
43,97,25,43.797500000000106,-79.15250000000044
35,93,29,43.757500000000086,-79.17250000000043
15,35,15,43.657500000000034,-79.46250000000016
47,67,30,43.817500000000116,-79.30250000000031
26,44,29,43.71250000000006,-79.4175000000002
27,9,33,43.717500000000065,-79.59250000000004
18,40,24,43.67250000000004,-79.43750000000018
30,14,17,43.73250000000007,-79.56750000000007
36,94,17,43.76250000000009,-79.16750000000043
29,55,28,43.72750000000007,-79.36250000000025
48,68,28,43.82250000000012,-79.29750000000031
21,51,29,43.68750000000005,-79.38250000000023
40,64,18,43.7825000000001,-79.3175000000003
33,25,19,43.74750000000008,-79.51250000000012
23,11,34,43.697500000000055,-79.58250000000005
10,41,21,43.63250000000002,-79.43250000000019
22,15,34,43.69250000000005,-79.56250000000007
41,65,18,43.7875000000001,-79.3125000000003
33,61,19,43.74750000000008,-79.33250000000028
34,26,21,43.75250000000008,-79.50750000000012
44,70,24,43.80250000000011,-79.28750000000032
51,78,30,43.83750000000013,-79.24750000000036
43,74,24,43.797500000000106,-79.26750000000034
22,51,29,43.69250000000005,-79.38250000000023
14,47,30,43.65250000000003,-79.40250000000022
15,12,24,43.657500000000034,-79.57750000000006
